﻿stockcode,Name,Market,gics,avg_marcap,avg_amount,2021_배당,2021_자사주,2022_배당,2022_자사주,최근2년_활동
A000020,동화약품,KOSPI,제약,429333724354.8387,14750881746.975807,True,True,True,False,True
A000050,경방,KOSPI,유통,372051744806.4516,502173096.9758065,True,False,True,False,True
A000070,삼양홀딩스,KOSPI,기타금융,894462132578.2258,4867188425.0,True,False,True,False,True
A000080,하이트진로,KOSPI,음식료·담배,2441087997868.75,16955290659.879032,True,False,True,False,True
A000100,유한양행,KOSPI,제약,7551094526847.699,195262272090.2092,True,False,True,False,True
A000120,CJ대한통운,KOSPI,운송·창고,3751710735419.355,9692187993.830645,True,False,True,False,True
A000150,두산,KOSPI,기타금융,2722111688441.4224,29359966194.393307,True,False,True,False,True
A000210,대림산업,KOSPI,화학,3447293658536.585,12409555730.686993,True,False,True,False,True
A000240,한국테크놀로지그룹,KOSPI,기타금융,1686782803268.5483,6132366850.060484,True,False,True,False,True
A000250,삼천당제약,KOSDAQ,제약,2825212038774.8955,111130667113.38911,True,False,True,False,True
A000270,기아,KOSPI,운송장비·부품,43340780615282.84,169215590868.2092,True,True,True,True,True
A000370,한화손해보험,KOSPI,보험,831415509506.3524,1579230162.6967213,True,False,True,False,True
A000400,롯데손해보험,KOSPI,보험,856971024309.2887,5229499920.426778,True,False,True,False,True
A000430,대원강업,KOSPI,운송장비·부품,302880376569.03766,1555147246.841004,True,False,True,False,True
A000480,조선내화,KOSPI,비금속,347520325203.252,816299776.4227642,True,False,True,False,True
A000490,대동,KOSPI,기계·장비,307502596273.3469,17998210096.040817,True,True,True,False,True
A000640,동아쏘시오홀딩스,KOSPI,기타금융,734568300951.6129,3674247978.225806,True,False,True,False,True
A000660,SK하이닉스,KOSPI,전기·전자,130486656537000.0,788768576554.4226,True,True,True,True,True
A000670,영풍,KOSPI,금속,1530085996393.4426,1344842225.409836,True,False,True,False,True
A000680,LS네트웍스,KOSPI,유통,312012133998.8284,6855091922.322176,True,False,True,False,True
A000720,현대건설,KOSPI,건설,5937042141235.655,112358020647.89754,True,False,True,False,True
A000810,삼성화재,KOSPI,보험,15754611065941.422,36393553342.80335,True,False,True,False,True
A000880,한화,KOSPI,화학,2675089855312.5,9803693801.237703,True,False,True,True,True
A000990,DB하이텍,KOSPI,전기·전자,2661686399271.7744,75338395766.73387,True,True,True,False,True
A001040,CJ,KOSPI,기타금융,4293024564331.9673,11462418428.52459,True,False,True,False,True
A001060,JW중외제약,KOSPI,제약,804411185748.1558,6055064638.934426,True,False,True,False,True
A001120,LX인터내셔널,KOSPI,유통,1387986146341.4634,14390773515.528456,True,False,True,False,True
A001200,유진투자증권,KOSPI,증권,404186274822.5523,4945741014.435146,True,False,True,False,True
A001230,동국제강,KOSPI,기타금융,1628909833480.2822,31334294402.580647,True,False,True,False,True
A001340,백광산업,KOSPI,화학,442281973314.63416,9378164796.524391,True,False,True,False,True
A001390,KG케미칼,KOSPI,화학,494888707837.1369,26360782715.39419,True,False,True,False,True
A001430,세아베스틸,KOSPI,금속,838298722422.7822,8278440630.846774,True,False,True,True,True
A001440,대한전선,KOSPI,전기·전자,2163326472635.9832,70644529544.35147,True,False,True,False,True
A001450,현대해상,KOSPI,보험,3509719426229.5083,9662647727.815577,True,False,True,False,True
A001460,BYC,KOSPI,섬유·의류,261621008384.1464,159164634.14634147,True,False,True,False,True
A001470,삼부토건,KOSPI,건설,476265942796.10205,55736342102.65306,True,False,True,False,True
A001500,현대차증권,KOSPI,증권,403263319353.4274,2266700832.2580647,True,False,True,False,True
A001510,SK증권,KOSPI,증권,453450269074.5,11039025783.068548,True,False,True,False,True
A001530,DI동일,KOSPI,유통,756921633350.6697,3245681262.053571,True,False,True,False,True
A001570,금양,KOSPI,화학,4797385374089.592,196628495364.89795,True,False,True,True,True
A001630,종근당홀딩스,KOSPI,제약,567803100982.258,10932175821.774193,True,False,True,False,True
A001680,대상,KOSPI,음식료·담배,896790080942.5403,6216589168.548388,True,False,True,False,True
A001720,신영증권,KOSPI,증권,1032147523044.3514,402930286.19246864,True,True,True,True,True
A001740,SK네트웍스,KOSPI,유통,1388085260670.5286,6962485231.077236,True,False,True,True,True
A001780,알루코,KOSPI,금속,390483688126.5323,13773125910.665323,True,False,True,False,True
A001790,대한제당,KOSPI,음식료·담배,281260763741.46344,16139009237.621952,True,True,True,False,True
A001800,오리온홀딩스,KOSPI,기타금융,1419646500369.4673,2293484804.9180326,True,False,True,False,True
A001820,삼화콘덴서,KOSPI,전기·전자,680065183401.6394,31491972655.32787,True,False,True,False,True
A001940,KISCO홀딩스,KOSPI,금속,353074874849.3724,397386417.74058574,True,False,True,False,True
A002030,아세아,KOSPI,일반서비스,503066780368.20087,482352069.45606697,True,False,True,False,True
A002150,도화엔지니어링,KOSPI,일반서비스,344998092682.9268,5051367202.804878,True,False,True,False,True
A002240,고려제강,KOSPI,금속,546319672131.1475,486126490.9836066,True,False,True,False,True
A002310,아세아제지,KOSPI,종이·목재,439704658569.75806,3299795531.854839,True,False,True,False,True
A002320,한진,KOSPI,운송·창고,593664936008.871,3526288432.2580647,True,False,True,False,True
A002350,넥센타이어,KOSPI,화학,1047455958570.2458,1077372338.5163934,True,False,True,False,True
A002380,KCC,KOSPI,화학,3553348234438.5244,7414619075.331967,True,False,True,False,True
A002710,TCC스틸,KOSPI,금속,1242046642541.4226,16080259852.51046,True,True,True,False,True
A002790,아모레G,KOSPI,화학,9041201493639.344,13611402054.729507,True,False,True,True,True
A002840,미원상사,KOSPI,화학,982106068548.3872,873065981.8548387,True,True,True,True,True
A002900,TYM,KOSPI,기계·장비,357016284211.17883,21452374351.05691,True,False,True,True,True
A002960,한국쉘석유,KOSPI,화학,452804918032.78687,487169346.3114754,True,False,True,False,True
A003000,부광약품,KOSPI,제약,1713064463970.1614,132978743158.26611,True,False,True,False,True
A003030,세아제강지주,KOSPI,기타금융,812795853972.8033,1269054640.832636,True,False,True,False,True
A003090,대웅,KOSPI,제약,2166046642814.516,26765672541.532257,True,True,True,True,True
A003120,일성신약,KOSPI,제약,315617243801.6529,1050932056.5289257,True,False,True,False,True
A003220,대원제약,KOSPI,제약,374940586419.71545,12164644291.463415,True,False,True,False,True
A003230,삼양식품,KOSPI,음식료·담배,3299287216098.326,50563715238.91213,True,False,True,False,True
A003240,태광산업,KOSPI,화학,1555812227868.8523,1348527266.3934426,True,False,True,False,True
A003280,흥아해운,KOSPI,운송·창고,778417640455.4166,17372183719.23611,True,False,True,False,True
A003300,한일시멘트,KOSPI,비금속,720080187480.6451,3098710235.410138,True,False,True,False,True
A003380,제일홀딩스,KOSDAQ,금융,1075377383855.7375,2615560692.622951,True,False,True,True,True
A003470,유안타증권,KOSPI,증권,817698077552.9032,4297189787.560484,True,False,True,False,True
A003490,대한항공,KOSPI,운송·창고,9564398096465.447,41856558222.96748,True,False,True,False,True
A003520,영진약품,KOSPI,제약,1437956619468.8523,15193468092.92623,True,False,True,False,True
A003530,한화투자증권,KOSPI,증권,988585105592.238,42730403199.616936,True,False,True,False,True
A003540,대신증권,KOSPI,증권,909601366370.9678,2900411584.274194,True,True,True,True,True
A003550,LG,KOSPI,기타금융,15578962080121.738,46353046755.7,True,True,True,False,True
A003570,SNT다이내믹스,KOSPI,운송장비·부품,653172013958.9958,3068196903.138076,True,True,True,False,True
A003620,KG모빌리티,KOSPI,운송장비·부품,1618320983113.6584,15121182438.414637,True,False,True,False,True
A003670,포스코케미칼,KOSPI,전기·전자,25600740533697.96,359766757424.098,True,False,True,True,True
A003690,코리안리,KOSPI,보험,1358995379147.1963,2425524401.991632,True,False,True,False,True
A003800,에이스침대,KOSDAQ,기타제조,498383705645.1613,288961968.75,True,False,True,True,True
A003850,보령제약,KOSPI,제약,1104902631048.3872,20205018448.18548,True,False,True,False,True
A003920,남양유업,KOSPI,음식료·담배,474350163934.4262,512792952.8688525,True,False,True,False,True
A003960,사조대림,KOSPI,음식료·담배,437214096990.3766,8145608332.845188,True,False,True,False,True
A004000,롯데정밀화학,KOSPI,화학,1820190000000.0,8147965869.105691,True,False,True,False,True
A004020,현대제철,KOSPI,금속,7022420362938.524,31728484611.807377,True,False,True,False,True
A004170,신세계,KOSPI,유통,3294746310393.4424,26627008421.80328,True,False,True,False,True
A004370,농심,KOSPI,음식료·담배,2469987126428.572,9552722719.987757,True,False,True,False,True
A004430,송원산업,KOSPI,화학,586116393442.6229,5327091876.639344,True,False,True,False,True
A004490,세방전지,KOSPI,전기·전자,1238232258064.516,16346168145.96774,True,True,True,True,True
A004690,삼천리,KOSPI,전기·가스,924850240653.0612,11467586113.061224,True,False,True,False,True
A004700,조광피혁,KOSPI,섬유·의류,373483153901.6129,255264189.11290324,True,False,True,False,True
A004800,효성,KOSPI,기타금융,2452203159104.4395,19867091986.07009,True,False,True,False,True
A004990,롯데지주,KOSPI,기타금융,5895579691914.14,11177902465.336063,True,True,True,True,True
A005010,휴스틸,KOSPI,금속,322025324779.0816,7097931986.306123,True,False,True,False,True
A005070,코스모신소재,KOSPI,화학,4555736479110.204,86639439144.08163,True,False,True,False,True
A005090,SGC에너지,KOSPI,전기·가스,664684818650.0,4335254308.467742,True,False,True,False,True
A005160,동국산업,KOSDAQ,금속,356562144118.8703,5989561615.062761,True,False,True,False,True
A005180,빙그레,KOSPI,음식료·담배,683791537428.4519,8160655998.74477,True,False,True,False,True
A005250,녹십자홀딩스,KOSPI,일반서비스,1612527157844.758,24244961255.44355,True,False,True,False,True
A005290,동진쎄미켐,KOSDAQ,화학,1843919517139.3303,28642153258.3682,True,False,True,False,True
A005300,롯데칠성,KOSPI,음식료·담배,1521076892788.618,6466882586.788618,True,False,True,True,True
A005380,현대차,KOSPI,운송장비·부품,50017771653502.09,233840295621.76987,True,True,True,True,True
A005390,신성통상,KOSPI,유통,438047708298.7805,2734262994.695122,True,False,True,False,True
A005420,코스모화학,KOSPI,화학,1555980806984.4895,68404099029.18367,True,False,True,False,True
A005440,현대그린푸드,KOSPI,기타금융,1380596364916.3936,3468104234.020492,True,False,True,False,True
A005490,POSCO홀딩스,KOSPI,금속,36275362056551.02,548577457154.9265,True,True,True,True,True
A005500,삼진제약,KOSPI,제약,620635000000.0,2693304707.647541,True,False,True,True,True
A005610,SPC삼립,KOSPI,음식료·담배,1112081217270.4917,1984598318.5245905,True,False,True,False,True
A005690,파미셀,KOSPI,제약,1053374790417.3387,114796399557.7016,True,False,True,False,True
A005810,풍산홀딩스,KOSPI,기타금융,390067436748.1171,998361106.4853556,True,False,True,False,True
A005830,DB손해보험,KOSPI,보험,7277292050209.205,16532181196.686192,True,False,True,False,True
A005850,에스엘,KOSPI,운송장비·부품,1587975782711.297,5243707291.661088,True,False,True,False,True
A005880,대한해운,KOSPI,운송·창고,873600573853.2258,25207475860.04032,True,False,True,False,True
A005930,삼성전자,KOSPI,전기·전자,472541989217862.9,1504843613535.2783,True,False,True,False,True
A005940,NH투자증권,KOSPI,증권,4142065180259.163,8088392976.108787,True,False,True,False,True
A005950,이수화학,KOSPI,화학,589283968051.5178,58022812012.5,True,False,True,False,True
A006040,동원산업,KOSPI,기타금융,1992066792874.4893,1892763398.7755103,True,False,True,False,True
A006110,삼아알미늄,KOSPI,금속,1306887943906.9387,22757723608.77551,True,False,True,False,True
A006120,SK디스커버리,KOSPI,기타금융,1029418273243.9517,5871138333.669354,True,False,True,False,True
A006220,제주은행,KOSPI,은행,434054491225.8776,27802395334.163265,True,False,True,False,True
A006260,LS,KOSPI,기타금융,3694336987447.698,46356001825.313805,True,False,True,False,True
A006280,녹십자,KOSPI,제약,3866571206633.065,62807929401.20968,True,False,True,False,True
A006360,GS건설,KOSPI,건설,3583630213268.952,32593199090.725807,True,False,True,False,True
A006390,현대시멘트,KOSPI,비금속,682014120378.6008,17538500596.707817,True,False,True,False,True
A006400,삼성SDI,KOSPI,전기·전자,48656450501612.91,231269742699.5605,True,False,True,False,True
A006650,대한유화,KOSPI,화학,1673356854838.7097,24398957324.59677,True,False,True,False,True
A006730,서부T&D,KOSDAQ,일반서비스,512854235956.7623,1744734033.9754095,True,False,True,True,True
A006800,미래에셋대우,KOSPI,증권,5973838972262.258,17766555455.685482,True,False,True,False,True
A007070,GS리테일,KOSPI,유통,3115558131311.2905,12284603687.798388,True,True,True,False,True
A007310,오뚜기,KOSPI,음식료·담배,2635112379151.639,3710299285.840164,True,False,True,False,True
A007340,DN오토모티브,KOSPI,전기·전자,897610055793.1034,1748255449.0732758,True,False,True,False,True
A007390,네이처셀,KOSDAQ,제약,1137041066695.122,13030912864.634146,True,False,True,False,True
A007460,나라케이아이씨,KOSPI,금속,566443184530.7377,5505685287.459017,True,False,True,False,True
A007570,일양약품,KOSPI,제약,1040361083806.4517,84702884597.37903,True,False,True,False,True
A007660,이수페타시스,KOSPI,전기·전자,2416793862436.1924,122781792369.66528,True,False,True,False,True
A007690,국도화학,KOSPI,화학,467428717216.129,5432933051.008064,True,False,True,False,True
A007700,F&F,KOSPI,기타금융,1477934274193.5483,9056273468.891129,True,False,True,False,True
A007810,코리아써키트,KOSPI,전기·전자,522743542913.21136,9127336606.300814,True,False,True,False,True
A008350,남선알미늄,KOSPI,금속,541328084261.492,71996514003.87097,True,False,True,False,True
A008490,서흥,KOSPI,화학,594710720261.492,1667889320.1612904,True,False,True,False,True
A008730,율촌화학,KOSPI,화학,897775183673.4694,4339453988.367347,True,False,True,False,True
A008770,호텔신라,KOSPI,유통,3817667946729.098,48535399032.241806,True,False,True,False,True
A008930,한미사이언스,KOSPI,기타금융,5159570958215.983,8252027562.295082,True,False,True,False,True
A009150,삼성전기,KOSPI,전기·전자,13624973466322.58,106105964730.39516,True,False,True,False,True
A009160,SIMPAC,KOSPI,금속,434186012597.7236,1579483989.4105692,True,False,True,False,True
A009240,한샘,KOSPI,유통,2535718049159.0166,10105184935.82377,True,False,True,False,True
A009290,광동제약,KOSPI,제약,449601802060.64514,1932663707.2580645,True,False,True,False,True
A009420,한올바이오파마,KOSPI,제약,1908608430628.8704,25104126600.627617,True,True,True,True,True
A009450,경동나비엔,KOSPI,전기·전자,901299049717.1548,4754713635.564854,True,False,True,False,True
A009520,포스코엠텍,KOSDAQ,금속,932142161867.1428,91429279782.16328,True,False,True,False,True
A009540,HD한국조선해양,KOSPI,기타금융,11064266229758.996,47119855452.80753,True,False,True,False,True
A009680,모토닉,KOSPI,운송장비·부품,396270120967.74194,1820668818.9112904,True,False,True,False,True
A009830,한화솔루션,KOSPI,화학,8081011569446.774,80409483826.20967,True,False,True,True,True
A009900,명신산업,KOSPI,운송장비·부품,1429315797550.0,33862449429.43548,True,False,True,False,True
A009970,영원무역홀딩스,KOSPI,기타금융,1155351127009.205,1238034544.209205,True,False,True,False,True
A010060,OCI,KOSPI,기타금융,3031949031698.7705,35315821369.90164,True,True,True,False,True
A010100,한국무브넥스,KOSPI,운송장비·부품,146152460428.8703,1406651324.8117154,True,False,True,False,True
A010120,LS ELECTRIC,KOSPI,전기·전자,4371552301255.23,95064437784.93724,True,False,True,True,True
A010130,고려아연,KOSPI,금속,13321020540267.783,64387825722.209206,True,False,True,True,True
A010140,삼성중공업,KOSPI,운송장비·부품,8399544769874.477,70238714484.51883,True,False,True,False,True
A010620,현대미포조선,KOSPI,운송장비·부품,3574822335500.0,27680999978.03348,True,False,True,False,True
A010690,화신,KOSPI,운송장비·부품,452480143582.8571,11874375281.510204,True,True,True,False,True
A010780,아이에스동서,KOSPI,비금속,1647939908008.4678,4669761496.975806,True,True,True,False,True
A010950,S-Oil,KOSPI,화학,13087841850977.049,32011842280.5082,True,False,True,False,True
A011070,LG이노텍,KOSPI,전기·전자,7950704835719.512,108479148849.80489,True,False,True,False,True
A011170,롯데케미칼,KOSPI,화학,12040715890551.23,57482188223.90164,True,False,True,False,True
A011200,HMM,KOSPI,운송·창고,12966312771397.49,42012765606.37238,True,False,True,False,True
A011210,현대위아,KOSPI,운송장비·부품,2296460272960.887,48789859547.58064,True,False,True,True,True
A011500,한농화성,KOSPI,화학,266675684514.8954,25133493976.820084,True,False,True,False,True
A011760,현대상사,KOSPI,유통,359171848607.3771,15005745139.959017,True,False,True,False,True
A011780,금호석유,KOSPI,화학,6393853807457.661,98721198058.37904,True,True,True,False,True
A011790,SKC,KOSPI,화학,5716483223149.367,69118939241.18143,True,True,True,True,True
A011810,STX,KOSPI,유통,306686017326.4807,52874425527.66094,True,False,True,False,True
A011930,신성이엔지,KOSPI,전기·전자,558822935563.992,11933273264.919355,True,False,True,False,True
A012030,DB,KOSPI,IT 서비스,346266509759.59015,13568206039.14754,True,False,True,False,True
A012330,현대모비스,KOSPI,운송장비·부품,26709238019612.902,132433088052.30646,True,True,True,True,True
A012450,한화에어로스페이스,KOSPI,운송장비·부품,12197713576348.416,159570381063.02716,True,False,True,False,True
A012510,더존비즈온,KOSPI,IT 서비스,2946523802480.645,18897021513.10887,True,True,True,False,True
A012630,현대산업,KOSPI,기타금융,1709136234548.8423,15372450970.36111,True,False,True,False,True
A012750,에스원,KOSPI,일반서비스,3754195211837.3984,4687265911.073171,True,False,True,False,True
A013030,하이록코리아,KOSDAQ,금속,333340077997.4896,1465336437.0292888,True,False,True,False,True
A013120,동원개발,KOSDAQ,건설,517470690173.3871,1599739121.4112904,True,False,True,False,True
A013890,지누스,KOSPI,기타제조,1380859518812.5,8051862053.387096,True,True,True,False,True
A014620,성광벤드,KOSDAQ,금속,389582195918.3674,5015200751.755102,True,False,True,False,True
A014680,한솔케미칼,KOSPI,화학,3058679094002.016,17806108673.22984,True,False,True,False,True
A014820,동원시스템즈,KOSPI,화학,1536630958114.431,1831742890.4471543,True,False,True,False,True
A014830,유니드,KOSPI,화학,877154249640.4445,8330538868.444445,True,False,True,False,True
A015750,성우하이텍,KOSDAQ,운송장비·부품,704533877551.0204,41195244794.14286,True,False,True,False,True
A015760,한국전력,KOSPI,전기·가스,20692159731908.81,46898800236.491806,True,False,True,False,True
A016360,삼성증권,KOSPI,증권,3969366995967.7417,19613563387.5,True,False,True,False,True
A016380,KG동부제철,KOSPI,금속,1451334758927.5403,9722757378.870968,True,False,True,False,True
A016580,환인제약,KOSPI,제약,401894914141.39343,2719873384.221312,True,False,True,False,True
A016790,카나리아바이오,KOSDAQ,음식료·담배,1036845455918.1764,75857402498.40164,True,False,True,False,True
A016800,퍼시스,KOSPI,기타제조,461717782426.7783,103854689.31380752,True,False,True,False,True
A017390,서울가스,KOSPI,전기·가스,1252052845528.455,3085954788.617886,True,False,True,False,True
A017670,SK텔레콤,KOSPI,통신,21092830296797.32,100340742890.99107,True,True,True,True,True
A017800,현대엘리베이,KOSPI,기계·장비,2363758057830.081,37889072163.41464,True,False,True,False,True
A017810,풀무원,KOSPI,음식료·담배,687522384112.7017,2802667125.0,True,False,True,False,True
A017860,DS단석,KOSPI,화학,1913748406000.0,711641818375.0,False,False,False,False,False
A017890,한국알콜,KOSDAQ,화학,291747456000.0,3050473256.25,True,False,True,False,True
A017940,E1,KOSPI,유통,482616786610.87866,1251712523.0125525,True,False,True,False,True
A017960,한국카본,KOSPI,금속,569337982860.9205,3666182400.07113,True,False,True,False,True
A018250,애경산업,KOSPI,화학,1484407547919.7368,20145250991.03157,True,False,True,False,True
A018260,삼성에스디에스,KOSPI,IT 서비스,17221000209836.066,31122304040.70901,True,False,True,False,True
A018290,브이티,KOSDAQ,화학,980950767799.958,37014352912.5523,True,False,True,True,True
A018310,삼목에스폼,KOSDAQ,금속,299119167364.0167,1098324201.004184,True,True,True,False,True
A018470,조일알미늄,KOSPI,금속,329361353358.4898,22241806496.13061,True,False,True,False,True
A018670,SK가스,KOSPI,유통,1584771102371.548,2352492297.07113,True,False,True,False,True
A018880,한온시스템,KOSPI,기계·장비,8660905000000.0,23484757805.278225,True,False,True,False,True
A019170,신풍제약,KOSPI,제약,3767745546967.7417,157784049833.87097,True,False,True,False,True
A020000,한섬,KOSPI,섬유·의류,975169233870.9678,4197919120.362903,True,False,True,False,True
A020150,일진머티리얼즈,KOSPI,전기·전자,3848860241602.823,44213638108.46774,True,False,True,False,True
A020560,아시아나항공,KOSPI,운송·창고,1390162041289.6553,25477617432.51232,True,True,True,False,True
A021240,코웨이,KOSPI,일반서비스,6446548594501.2295,16514095810.213116,True,False,True,True,True
A022100,포스코DX,KOSPI,일반서비스,5820099348549.163,40765317765.94142,True,False,True,False,True
A023160,태광,KOSDAQ,금속,456577693877.551,3745966097.061225,True,False,True,False,True
A023410,유진기업,KOSDAQ,비금속,505040522994.9795,12620960075.963116,True,False,True,False,True
A023530,롯데쇼핑,KOSPI,유통,6115339975545.082,21722119577.987705,True,False,True,False,True
A023590,다우기술,KOSPI,IT 서비스,1157233073799.1936,6314648219.758064,True,False,True,False,True
A024110,기업은행,KOSPI,은행,10986493203773.598,17709010997.22594,True,False,True,False,True
A024720,한국콜마홀딩스,KOSPI,기타금융,715422521055.3279,3998572380.713114,True,False,True,False,True
A025320,시노펙스,KOSDAQ,전기·전자,732548351623.3473,39457502704.51883,True,False,True,False,True
A025540,한국단자,KOSPI,전기·전자,841716782258.0646,6321863948.790322,True,False,True,False,True
A025770,한국정보통신,KOSDAQ,통신,432638010927.2951,1629779859.6311476,True,False,True,False,True
A025860,남해화학,KOSPI,화학,679964911435.4098,10738605786.065577,True,False,True,False,True
A025900,동화기업,KOSDAQ,종이·목재,1491008853925.8064,15805777924.193548,True,False,True,False,True
A025980,아난티,KOSDAQ,일반서비스,1286091413250.2034,66604377197.35773,True,False,True,False,True
A026890,디피씨,KOSPI,기타금융,577841007229.8387,43932839353.30645,True,False,True,False,True
A026960,동서,KOSPI,유통,3176530443548.387,6516685707.66129,True,False,True,False,True
A027360,아주IB투자,KOSDAQ,금융,670630837858.8104,23522313879.133064,True,False,True,True,True
A027410,BGF,KOSPI,기타금융,841866667857.9098,4238436852.336066,True,False,True,False,True
A028050,삼성엔지니어링,KOSPI,일반서비스,5671800000000.0,27170990608.72653,True,False,True,False,True
A028260,삼성물산,KOSPI,유통,25396299372288.703,53695230163.35146,True,False,True,False,True
A028300,HLB,KOSDAQ,제약,10172311475042.05,201486061547.5565,True,False,True,False,True
A028670,팬오션,KOSPI,운송·창고,3478581768006.452,58819079046.75404,True,False,True,False,True
A029460,케이씨,KOSPI,의료·정밀기기,347038179803.2258,1816645610.080645,True,False,True,False,True
A029530,신도리코,KOSPI,전기·전자,558264229063.5245,614001265.5737705,True,False,True,False,True
A029780,삼성카드,KOSPI,기타금융,4513867241012.343,3221207462.3430963,True,False,True,False,True
A029960,코엔텍,KOSDAQ,전기·가스·수도,504932926829.2683,4029187176.077236,True,False,True,False,True
A030000,제일기획,KOSPI,일반서비스,2912647405152.439,6172937424.325203,True,False,True,False,True
A030190,NICE평가정보,KOSDAQ,IT 서비스,1345029117258.0645,3052909952.975806,True,False,True,False,True
A030200,KT,KOSPI,통신,9865433677823.225,27390306095.92887,True,True,True,True,True
A030520,한글과컴퓨터,KOSDAQ,IT 서비스,537813847648.1855,20428527018.34677,True,True,True,True,True
A030530,원익홀딩스,KOSDAQ,화학,467546725914.2137,3408548507.782258,True,False,True,False,True
A030610,교보증권,KOSPI,증권,589767859824.456,197917041.0669456,True,False,True,False,True
A031330,에스에이엠티,KOSDAQ,유통,388650181779.4355,9753073788.10484,True,False,True,False,True
A031430,신세계인터내셔날,KOSPI,유통,1593380975609.756,12073239534.552843,True,False,True,False,True
A031980,피에스케이홀딩스,KOSDAQ,기계·장비,986547235669.456,20238715885.77406,True,True,True,True,True
A032190,다우데이타,KOSDAQ,유통,919203126530.6124,13421089123.87755,True,False,True,False,True
A032300,한국파마,KOSDAQ,제약,575467571305.2632,61006225472.2672,True,False,True,False,True
A032350,롯데관광개발,KOSPI,일반서비스,1317201291846.3708,13353267793.548388,True,False,True,False,True
A032500,케이엠더블유,KOSDAQ,전기·전자,2586667467380.4434,76040093263.30646,True,False,True,False,True
A032620,유비케어,KOSDAQ,IT 서비스,460070424009.6976,35462553062.68145,True,False,True,False,True
A032640,LG유플러스,KOSPI,통신,6412013608357.992,32248765707.41804,True,False,True,False,True
A032830,삼성생명,KOSPI,보험,20784754098360.656,24202141129.70492,True,False,True,False,True
A033100,제룡전기,KOSDAQ,전기·전자,851095975793.5146,56409562524.80753,True,True,True,False,True
A033160,엠케이전자,KOSDAQ,전기·전자,347586423706.4516,17560590558.064518,True,True,True,False,True
A033240,자화전자,KOSPI,전기·전자,608743921212.0408,5830249766.922449,True,False,True,False,True
A033270,유나이티드제약,KOSPI,제약,848346526961.2903,22800322008.467743,True,False,True,False,True
A033290,코웰패션,KOSDAQ,유통,623926649700.0,7072917495.040322,True,True,True,True,True
A033500,동성화인텍,KOSDAQ,화학,367608456912.80334,3217984019.037657,True,True,True,False,True
A033640,네패스,KOSDAQ,전기·전자,884543550267.742,17035235756.25,True,False,True,False,True
A033780,KT&G,KOSPI,음식료·담배,14107479275751.64,30039770834.02869,True,False,True,False,True
A034020,두산에너빌리티,KOSPI,기계·장비,11599195466258.912,131406175221.71548,True,True,True,False,True
A034120,SBS,KOSPI,오락·문화,747383874909.7561,2430827833.943089,True,False,True,False,True
A034220,LG디스플레이,KOSPI,전기·전자,8117577079303.278,54122813817.52049,True,False,True,False,True
A034230,파라다이스,KOSDAQ,오락·문화,1850049758222.951,23670930486.61476,True,False,True,False,True
A034310,NICE,KOSPI,일반서비스,761072346239.8374,1028683530.5894308,True,False,True,False,True
A034730,SK,KOSPI,기타금융,19697134455651.64,25822247712.643444,True,True,True,True,True
A034810,해성산업,KOSDAQ,금융,362700464024.7984,1935911986.2903223,True,False,True,False,True
A034830,한국토지신탁,KOSPI,기타금융,719423564832.1721,1586271731.430328,True,False,True,False,True
A034950,한국기업평가,KOSDAQ,일반서비스,388219439557.25806,442405309.8064516,True,False,True,False,True
A035150,백산,KOSPI,화학,287279274686.19244,1748049501.757322,True,True,True,False,True
A035250,강원랜드,KOSPI,오락·문화,6628459373475.609,10461722588.845528,True,False,True,False,True
A035420,NAVER,KOSPI,IT 서비스,63964706201612.91,306707776928.66534,True,True,True,True,True
A035600,KG이니시스,KOSDAQ,IT 서비스,578780717954.0322,9606247350.201612,True,False,True,False,True
A035720,카카오,KOSPI,IT 서비스,54059466674340.81,459413529782.1551,True,True,True,True,True
A035760,CJ ENM,KOSDAQ,오락·문화,4073700286288.6177,12597373894.654472,True,False,True,False,True
A035890,서희건설,KOSDAQ,건설,426517083015.9677,3980796685.665323,True,False,True,False,True
A035900,JYP Ent.,KOSDAQ GLOBAL,오락·문화,3545608522450.6123,51665246245.46123,True,False,True,False,True
A036030,KTH,KOSDAQ,유통,402833356742.7016,19818362393.26613,True,False,True,False,True
A036200,유니셈,KOSDAQ,기계·장비,410788070284.95966,9755423231.330645,True,False,True,False,True
A036420,제이콘텐트리,KOSPI,오락·문화,840888794044.3549,16993947978.225807,True,False,True,False,True
A036460,한국가스공사,KOSPI,전기·가스,4939918329098.36,13827673742.75,True,True,True,False,True
A036530,SNT홀딩스,KOSPI,기타금융,356235133903.2636,530932949.330544,True,False,True,False,True
A036540,SFA반도체,KOSDAQ,전기·전자,1191203216434.9597,47982008760.16129,True,False,True,False,True
A036570,엔씨소프트,KOSPI,IT 서비스,17565430707056.451,142474896234.52823,True,False,True,False,True
A036620,감성코퍼레이션,KOSDAQ,유통,306851783491.046,4457074861.422594,True,False,True,False,True
A036810,에프에스티,KOSDAQ,전기·전자,594738892369.5564,8908806752.82258,True,False,True,False,True
A036830,솔브레인홀딩스,KOSDAQ GLOBAL,일반서비스,1165268193881.1716,18424671634.309624,True,False,True,False,True
A036930,주성엔지니어링,KOSDAQ GLOBAL,기계·장비,1504685303430.544,30227053795.18829,True,False,True,False,True
A037270,YG PLUS,KOSPI,IT 서비스,430429401922.54034,22757436563.407257,True,False,True,False,True
A037560,CJ헬로,KOSPI,오락·문화,705909130163.9344,3768123612.581968,True,False,True,False,True
A038500,삼표시멘트,KOSDAQ,비금속,552393925382.7822,12639469876.673388,True,False,True,False,True
A039030,이오테크닉스,KOSDAQ GLOBAL,기계·장비,2211049947594.142,34867826647.280334,True,False,True,False,True
A039130,하나투어,KOSPI,일반서비스,1032033650715.7258,14923805782.661291,True,False,True,False,True
A039200,오스코텍,KOSDAQ,제약,1167656021544.2258,18838861386.527195,True,False,True,False,True
A039440,에스티아이,KOSDAQ,기계·장비,446148348535.5649,16009900066.527197,True,False,True,False,True
A039490,키움증권,KOSPI,증권,3229970041873.64,8088697778.075314,True,False,True,False,True
A039840,디오,KOSDAQ,의료·정밀기기,631881944976.6129,6116388858.387096,True,False,True,False,True
A040300,YTN,KOSDAQ,오락·문화,288725142857.1429,8731601638.163265,True,False,True,False,True
A041190,우리기술투자,KOSDAQ,금융,689297903225.8064,87066135470.34274,True,False,True,False,True
A041510,에스엠,KOSDAQ,오락·문화,2607823883086.1226,72694741032.71837,True,False,True,True,True
A041830,인바디,KOSDAQ,의료·정밀기기,449529063022.1312,4661075804.590164,True,False,True,False,True
A041960,코미팜,KOSDAQ,제약,1670944748096.3115,7809508165.778688,True,False,True,False,True
A042000,카페24,KOSDAQ,IT 서비스,1210732613477.88,22535906776.60829,True,False,True,False,True
A042600,새로닉스,KOSDAQ,전기·전자,414473754534.0408,9301823152.081633,True,False,True,False,True
A042660,한화오션,KOSPI,운송장비·부품,9079916479771.129,70165420118.20084,True,False,True,False,True
A042670,두산인프라코어,KOSPI,기계·장비,1975996152495.9424,23609697621.57377,True,True,True,False,True
A042700,한미반도체,KOSPI,기계·장비,10828260881122.176,202311905493.72385,True,True,True,False,True
A043150,바텍,KOSDAQ,의료·정밀기기,511342667011.3821,1597717904.0813007,True,False,True,False,True
A044490,태웅,KOSDAQ,금속,327735660323.36066,1762260419.6311476,True,False,True,False,True
A045100,한양이엔지,KOSDAQ,일반서비스,321869372384.93726,2209489914.8535566,True,False,True,False,True
A045390,대아티아이,KOSDAQ,전기·전자,445989887716.8293,23262414091.382114,True,False,True,False,True
A046890,서울반도체,KOSDAQ,전기·전자,1202059014057.377,12589794928.983606,True,True,True,False,True
A047040,대우건설,KOSPI,건설,2821139209289.032,34394610548.4879,True,False,True,False,True
A047050,포스코인터내셔널,KOSPI,유통,9156744311469.455,63538766438.49372,True,False,True,False,True
A047810,한국항공우주,KOSPI,운송장비·부품,5238614055950.628,38892029644.14226,True,False,True,False,True
A047920,HLB제약,KOSDAQ,일반서비스,754422698401.7573,27977022129.95816,True,False,True,False,True
A048410,현대바이오,KOSDAQ,화학,1236432786177.6208,118441935665.3226,True,False,True,False,True
A048530,인트론바이오,KOSDAQ,제약,784709559703.629,12150982243.951612,True,False,True,False,True
A049070,인탑스,KOSDAQ,전기·전자,554644065040.6504,11022845021.95122,True,False,True,False,True
A049770,동원F&B,KOSPI,음식료·담배,1010101982877.0492,2032916485.6557376,True,False,True,False,True
A049950,미래컴퍼니,KOSDAQ,기계·장비,827911407229.5082,5930656633.811476,True,False,True,False,True
A050890,쏠리드,KOSDAQ,전기·전자,429188958644.9194,5920614588.790322,True,False,True,False,True
A051360,토비스,KOSDAQ,전기·전자,298061232742.4268,2542743731.631799,True,True,True,False,True
A051370,인터플렉스,KOSDAQ,전기·전자,470257471433.60657,10149524597.336063,True,False,True,False,True
A051500,CJ프레시웨이,KOSDAQ,유통,422891470314.22766,2956217433.5365853,True,False,True,False,True
A051600,한전KPS,KOSPI,건설,1751319037656.9038,8398820671.757322,True,False,True,False,True
A051900,LG생활건강,KOSPI,화학,22893505831564.52,57464624056.395164,True,False,True,False,True
A051910,LG화학,KOSPI,화학,58735960487987.91,297215124731.7016,True,True,True,True,True
A052020,에스티큐브,KOSDAQ,유통,660037907769.3877,9746968666.367348,True,False,True,False,True
A052400,코나아이,KOSDAQ,IT 서비스,570326371511.6936,5126288127.0161295,True,True,True,False,True
A052690,한전기술,KOSPI,일반서비스,2662722146341.4634,33875651792.276424,True,False,True,False,True
A053030,바이넥스,KOSDAQ,제약,671759608845.1613,56900712321.16936,True,False,True,False,True
A053210,스카이라이프,KOSPI,오락·문화,614149678521.7213,1029647578.6885246,True,True,True,True,True
A053610,프로텍,KOSDAQ,기계·장비,423497755102.0408,12475142117.55102,True,False,True,False,True
A053800,안랩,KOSDAQ,IT 서비스,856673083231.7073,50181724590.650406,True,False,True,False,True
A054210,이랜텍,KOSDAQ,전기·전자,414739860571.1382,9466417942.88618,True,True,True,True,True
A054450,텔레칩스,KOSDAQ,전기·전자,310901598741.25525,8054364526.066946,True,True,True,True,True
A054950,제이브이엠,KOSDAQ,기계·장비,303530143770.3766,2731618806.317992,True,False,True,False,True
A055550,신한지주,KOSPI,기타금융,25242982109831.8,88273145060.20084,True,False,True,False,True
A056080,유진로봇,KOSDAQ,기계·장비,302501821498.61224,26171416407.55102,True,False,True,False,True
A056190,에스에프에이,KOSDAQ,기계·장비,1481396917626.0164,6920696931.199187,True,True,True,False,True
A057050,현대홈쇼핑,KOSPI,유통,1296432786885.2458,3448262654.7131147,True,False,True,False,True
A058430,포스코강판,KOSPI,금속,307310080645.1613,19973322710.282257,True,False,True,False,True
A058470,리노공업,KOSDAQ GLOBAL,전기·전자,3286019002255.23,35674420582.58996,True,False,True,False,True
A058610,에스피지,KOSDAQ,전기·전자,656483348339.5918,59102196558.04082,True,True,True,True,True
A058650,세아홀딩스,KOSPI,금속,518795081967.21313,72964831.96721311,True,False,True,False,True
A058820,CMG제약,KOSDAQ,제약,628854236437.9839,7357170896.1088705,True,False,True,False,True
A058970,엠로,KOSDAQ,IT 서비스,679473136710.4602,8852320513.389122,True,True,True,False,True
A059090,미코,KOSDAQ,전기·전자,465564106304.2339,8341148043.75,True,False,True,False,True
A060150,인선이엔티,KOSDAQ,일반서비스,581827876393.1451,6905219318.991936,True,False,True,True,True
A060250,NHN한국사이버결제,KOSDAQ,금융,1264739019878.6292,8148051200.28629,True,False,True,False,True
A060280,큐렉소,KOSDAQ,유통,570988153429.2653,31266029545.877552,True,False,True,False,True
A060370,LS마린솔루션,KOSDAQ,건설,404142239988.3682,14318092102.753138,True,False,True,False,True
A060590,씨티씨바이오,KOSDAQ,제약,238312341433.4694,4458918534.204082,True,False,True,False,True
A060720,KH바텍,KOSDAQ,전기·전자,522629920102.621,15564173325.806452,True,True,True,False,True
A060980,한라홀딩스,KOSPI,기타금융,509887015200.0,1299616111.4754095,True,False,True,False,True
A061970,엘비세미콘,KOSDAQ,전기·전자,587596286670.9678,10413142172.379032,True,False,True,False,True
A063080,컴투스홀딩스,KOSDAQ,IT 서비스,532729314772.3577,26401570046.747967,True,True,True,True,True
A064260,다날,KOSDAQ,IT 서비스,566576123570.7317,21758420328.61789,True,False,True,False,True
A064290,인텍플러스,KOSDAQ,기계·장비,341530694389.551,8102999896.081633,True,False,True,False,True
A064350,현대로템,KOSPI,운송장비·부품,4752781530298.954,102108756218.82845,True,False,True,False,True
A064550,바이오니아,KOSDAQ,제약,1073866127789.796,47811991822.44898,True,False,True,False,True
A064760,티씨케이,KOSDAQ,비금속,1899903820564.516,8834252158.778225,True,False,True,False,True
A064960,S&T모티브,KOSPI,운송장비·부품,862585183012.9032,5446320169.334678,True,True,True,False,True
A065350,신성델타테크,KOSDAQ,전기·전자,1960692200804.184,99314249382.84518,True,False,True,False,True
A066570,LG전자,KOSPI,전기·전자,24070415867681.453,247622085328.1371,True,False,True,False,True
A066970,엘앤에프,KOSDAQ GLOBAL,전기·전자,7982566652613.062,224405737570.1061,True,False,True,True,True
A067160,아프리카TV,KOSDAQ,IT 서비스,1455186517346.3708,18926004844.866936,True,True,True,True,True
A067310,하나마이크론,KOSDAQ GLOBAL,전기·전자,1048524852982.0084,32037782002.623432,True,False,True,False,True
A067630,HLB생명과학,KOSDAQ,제약,1345477534359.8325,29681127137.6318,True,False,True,False,True
A068240,다원시스,KOSDAQ,전기·전자,792467060651.0162,5791344820.121951,True,False,True,False,True
A068270,셀트리온,KOSPI,제약,40185651856252.72,141575391907.80753,True,False,True,False,True
A068760,셀트리온제약,KOSDAQ,제약,5402979230164.919,61787684497.58064,True,False,True,False,True
A069080,웹젠,KOSDAQ,IT 서비스,1124893705814.516,20270327613.70968,True,False,True,False,True
A069260,휴켐스,KOSPI,화학,1071932072422.1312,2830799989.9180326,True,False,True,False,True
A069620,대웅제약,KOSPI,제약,2164291483862.7048,13361823497.95082,True,True,True,False,True
A069960,현대백화점,KOSPI,유통,2298110115035.656,10042422600.07787,True,False,True,False,True
A071050,한국금융지주,KOSPI,기타금융,5191909782070.968,34657530480.370964,True,False,True,False,True
A071320,지역난방공사,KOSPI,전기·가스,800679638373.7705,701723828.6885246,True,False,True,False,True
A071840,롯데하이마트,KOSPI,유통,1632758705908.1968,3912150445.184426,True,False,True,False,True
A071970,STX중공업,KOSPI,기계·장비,511045107500.5021,10437611149.807531,True,False,True,False,True
A072710,농심홀딩스,KOSPI,기타금융,437927122217.21313,349004867.6229508,True,False,True,False,True
A073240,금호타이어,KOSPI,화학,1608303039063.3264,3460737369.8953977,True,False,True,False,True
A074600,원익QnC,KOSDAQ GLOBAL,비금속,761774543933.0544,11942705333.807531,True,False,True,False,True
A074610,이엔플러스,KOSPI,기계·장비,451702593908.2857,36887166546.5102,True,False,True,False,True
A075580,세진중공업,KOSPI,운송장비·부품,409650281884.8536,5029924945.774058,True,False,True,True,True
A077360,덕산하이메탈,KOSDAQ,전기·전자,329037775784.06506,2812146643.0,True,True,True,True,True
A077970,STX엔진,KOSPI,기계·장비,367767004897.0711,4994776798.117155,True,False,True,False,True
A078160,메디포스트,KOSDAQ,제약,802842247215.9836,19682056831.557377,True,False,True,False,True
A078340,컴투스,KOSDAQ,IT 서비스,1999963707172.131,17277556206.442623,True,True,True,True,True
A078600,대주전자재료,KOSDAQ,전기·전자,1549069748748.1172,29516050500.0,True,True,True,False,True
A078930,GS,KOSPI,기타금융,5305087283070.492,10185896108.2459,True,False,True,False,True
A079160,CJ CGV,KOSPI,오락·문화,1277015858195.9016,10886391152.983606,True,False,True,False,True
A079370,제우스,KOSDAQ,기계·장비,466432815273.22174,12778514766.150627,True,True,True,False,True
A079550,LIG넥스원,KOSPI,금속,4075918828451.883,57854583101.25523,True,True,True,False,True
A079810,디이엔티,KOSDAQ,기계·장비,346138585549.38776,10992789001.020409,True,False,True,False,True
A080160,모두투어,KOSDAQ,일반서비스,559203750000.0,5840205845.778688,True,False,True,False,True
A080220,제주반도체,KOSDAQ,전기·전자,644347584803.1381,82426239388.8703,True,False,True,False,True
A081660,휠라코리아,KOSPI,유통,3879043054768.293,34704062946.150406,True,False,True,False,True
A082270,젬백스,KOSDAQ,기계·장비,993543360670.3628,26480005818.34677,True,False,True,False,True
A082640,동양생명,KOSPI,보험,1122569691927.9712,1080670199.0163934,True,False,True,False,True
A082740,HSD엔진,KOSPI,기계·장비,1038718152360.0,13467050443.456066,True,False,True,False,True
A082920,비츠로셀,KOSDAQ,전기·전자,430803704431.2553,2266470071.25523,True,False,True,True,True
A083310,엘오티베큠,KOSDAQ,기계·장비,338554915467.67346,6955349110.816326,True,False,True,False,True
A083450,GST,KOSDAQ,기계·장비,330079380348.74475,22647591416.485355,True,True,True,True,True
A083650,비에이치아이,KOSDAQ,기계·장비,303346801804.3933,18126502773.3682,True,False,True,False,True
A084010,대한제강,KOSPI,금속,448451300409.6774,6312619768.75,True,False,True,False,True
A084110,휴온스글로벌,KOSDAQ,제약,600167090133.2661,20152622761.89516,True,False,True,False,True
A084370,유진테크,KOSDAQ,기계·장비,1016594432545.9678,11255277968.963709,True,True,True,False,True
A084650,랩지노믹스,KOSDAQ,일반서비스,278379207765.5242,37035203538.70968,True,False,True,True,True
A084680,이월드,KOSPI,기타제조,391810843409.6774,10476836918.528225,True,False,True,False,True
A084690,대상홀딩스,KOSPI,기타금융,384661844173.0645,1674125993.8709676,True,False,True,False,True
A084850,아이티엠반도체,KOSDAQ,전기·전자,1305611275446.9758,20047014379.637096,True,False,True,False,True
A084990,바이로메드,KOSDAQ,일반서비스,3519061590688.5244,71354278783.91394,True,False,True,False,True
A085620,미래에셋생명,KOSPI,보험,909652125209.5188,936096539.623431,True,False,True,True,True
A085660,차바이오텍,KOSDAQ,제약,1197135530529.5083,51821850451.22951,True,False,True,False,True
A086280,현대글로비스,KOSPI,운송·창고,7553096234309.623,24515975129.79498,True,False,True,False,True
A086390,유니테스트,KOSDAQ,기계·장비,525847733450.0,8255618052.0161295,True,True,True,False,True
A086450,동국제약,KOSDAQ,제약,1161212733870.9678,4498749589.112904,True,False,True,True,True
A086520,에코프로,KOSDAQ,금융,17593032934302.855,689761556820.0,True,True,True,False,True
A086790,하나금융지주,KOSPI,기타금융,17128206428771.129,71262008764.12134,True,False,True,False,True
A086900,메디톡스,KOSDAQ,제약,3642783039227.459,24511386325.48361,True,False,True,False,True
A087010,펩트론,KOSDAQ,제약,1086806023774.0586,64799795043.93305,True,False,True,False,True
A088260,이리츠코크렙,KOSPI,부동산,372923611125.0,747920913.9112903,True,False,True,False,True
A088350,한화생명,KOSPI,보험,4822868779918.033,6517263090.229508,True,False,True,False,True
A088980,맥쿼리인프라,KOSPI,기타금융,5395132198715.481,9832152577.966528,False,False,False,False,False
A089010,켐트로닉스,KOSDAQ,화학,391659221162.2984,8237247847.17742,True,False,True,False,True
A089030,테크윙,KOSDAQ,기계·장비,1357534611625.1045,46346872696.12971,True,False,True,False,True
A089590,제주항공,KOSPI,운송·창고,1072666040850.0,4317296245.594262,True,False,True,False,True
A089600,나스미디어,KOSDAQ,일반서비스,494141311152.0492,2456338362.4016395,True,False,True,False,True
A089860,롯데렌탈,KOSPI,일반서비스,1507129377541.2087,18691405537.36264,True,False,True,False,True
A089970,에이피티씨,KOSDAQ,기계·장비,514358683523.1855,5629225331.33871,True,False,True,True,True
A089980,상아프론테크,KOSDAQ,화학,873697556562.5,18632315806.45161,True,True,True,False,True
A090360,로보스타,KOSDAQ,기계·장비,296366173469.38776,20379430974.69388,True,False,True,False,True
A090430,아모레퍼시픽,KOSPI,화학,15793974618954.918,55332662545.88934,True,True,True,True,True
A090460,비에이치,KOSDAQ,전기·전자,869864395271.7479,17094084641.86992,True,False,True,False,True
A091120,이엠텍,KOSDAQ,전기·전자,621184315079.1837,8599848928.979591,True,True,True,True,True
A091700,파트론,KOSDAQ,전기·전자,695394722160.9756,11423642060.894308,True,False,True,True,True
A091810,티웨이항공,KOSPI,운송·창고,598834367306.8619,11736826317.02929,True,False,True,False,True
A092070,디엔에프,KOSDAQ,화학,257757911910.48383,4859149944.354838,True,False,True,False,True
A092220,KEC,KOSPI,전기·전자,415011118853.6788,12679013901.199186,True,False,True,False,True
A093050,LF,KOSPI,섬유·의류,803213213114.7542,2005684568.9262288,True,False,True,False,True
A093230,이아이디,KOSPI,유통,340240021074.87854,54211042808.947365,True,False,True,False,True
A093320,케이아이엔엑스,KOSDAQ,IT 서비스,404249807531.3808,2600278458.8158994,True,True,True,False,True
A093370,후성,KOSPI,화학,1620351901106.9106,35410859970.12195,True,False,True,False,True
A093640,다믈멀티미디어,KOSDAQ,전기·전자,240484873248.3673,11054452950.591837,True,False,True,False,True
A094170,동운아나텍,KOSDAQ,전기·전자,376444615687.8661,9487236662.677824,True,False,True,True,True
A094360,칩스앤미디어,KOSDAQ,전기·전자,433973388298.9958,10804376929.790794,True,False,True,False,True
A094480,갤럭시아머니트리,KOSDAQ,IT 서비스,313704107903.09625,17724690490.209206,True,True,True,False,True
A094800,맵스리얼티1,KOSPI,기타금융,426118937589.496,371160608.42741936,False,False,False,False,False
A095340,ISC,KOSDAQ,유통,1445528492325.9414,19148486793.933056,True,True,True,True,True
A095500,미래나노텍,KOSDAQ,화학,653269296076.449,52091746716.734695,True,True,True,True,True
A095610,테스,KOSDAQ,기계·장비,590886623045.9678,11768367743.75,True,False,True,True,True
A095660,네오위즈,KOSDAQ,IT 서비스,824249951048.5714,11543727719.387754,True,True,True,True,True
A095700,제넥신,KOSDAQ,일반서비스,2345824732291.3306,115124602993.34676,True,False,True,False,True
A095720,웅진씽크빅,KOSPI,일반서비스,409357805184.4355,13262147133.004032,True,False,True,False,True
A096040,이트론,KOSDAQ,유통,329744577758.2996,92704145786.40486,True,False,True,False,True
A096530,씨젠,KOSDAQ,제약,4018565265241.936,383894448391.129,True,False,True,False,True
A096760,JW홀딩스,KOSPI,기타금융,503083915828.5656,2812913537.9098363,True,False,True,False,True
A096770,SK이노베이션,KOSPI,화학,23472644412911.29,240454580891.0161,True,True,True,True,True
A097230,한진중공업,KOSPI,건설,682325282109.8387,1610134953.3064516,True,False,True,False,True
A097520,엠씨넥스,KOSDAQ,전기·전자,878948032058.4678,18026825574.19355,True,True,True,False,True
A097950,CJ제일제당,KOSPI,음식료·담배,6391685653076.613,25044931139.28629,True,False,True,False,True
A098460,고영,KOSDAQ,기계·장비,1577495717926.9387,7053583984.502041,True,False,True,False,True
A099190,아이센스,KOSDAQ,의료·정밀기기,591989825075.1837,13712314350.204082,True,False,True,True,True
A099320,쎄트렉아이,KOSDAQ,운송장비·부품,455948759565.5242,16264522644.153225,True,False,True,True,True
A099430,바이오플러스,KOSDAQ,제약,410611599506.9388,7494624643.020409,True,False,True,True,True
A100090,삼강엠앤티,KOSDAQ,금속,1067765245953.3062,7849174536.897959,True,False,True,False,True
A100120,뷰웍스,KOSDAQ,의료·정밀기기,376745046597.561,1242753721.5447154,True,False,True,False,True
A100790,미래에셋벤처투자,KOSDAQ,금융,375404109428.8306,9982862276.008064,True,False,True,False,True
A101160,월덱스,KOSDAQ,전기·전자,400917236353.6735,4420543401.714286,True,False,True,False,True
A101360,에코앤드림,KOSDAQ,화학,553176390508.5774,26631210582.00837,True,False,True,False,True
A101490,에스앤에스텍,KOSDAQ,전기·전자,953871424702.449,20798140358.367348,True,False,True,False,True
A101670,하이드로리튬,KOSDAQ,금속,540718030193.83673,41115819306.4898,True,False,True,False,True
A101730,위메이드맥스,KOSDAQ,IT 서비스,592895645746.4634,20518514173.94309,True,True,True,False,True
A102120,어보브반도체,KOSDAQ,전기·전자,249461832420.1613,8252425771.169354,True,False,True,False,True
A102460,이연제약,KOSPI,제약,685800942791.5322,59203883165.52419,True,False,True,False,True
A102710,이엔에프테크놀로지,KOSDAQ,화학,523195957301.6129,7835165794.556452,True,False,True,False,True
A102940,코오롱생명과학,KOSDAQ,제약,889782365781.9672,7149368161.065574,True,False,True,True,True
A103140,풍산,KOSPI,금속,1568157689968.6191,24841872083.38912,True,False,True,False,True
A103590,일진전기,KOSPI,전기·전자,978919243089.5398,36206403451.92468,True,False,True,False,True
A104460,디와이피엔에프,KOSDAQ,기계·장비,416947283180.8943,1302604776.2195122,True,True,True,False,True
A104700,한국철강,KOSPI,금속,431146838709.6774,2184362887.096774,True,False,True,False,True
A104830,원익머트리얼즈,KOSDAQ,화학,439424387096.7742,3241274534.677419,True,False,True,False,True
A105560,KB금융,KOSPI,기타금융,31339461856106.28,125531849727.89958,True,False,True,False,True
A105630,한세실업,KOSPI,섬유·의류,872403225806.4517,8587621921.100806,True,False,True,False,True
A107600,새빗켐,KOSDAQ,화학,553219986485.1486,53692366387.12872,False,False,True,False,False
A108230,톱텍,KOSDAQ,기계·장비,853394502484.7788,13193016158.40708,True,False,True,False,True
A108320,LX세미콘,KOSDAQ,전기·전자,1770435170040.6504,21294244626.5122,True,False,True,False,True
A108490,로보티즈,KOSDAQ,기계·장비,364335026120.2041,22564132801.469387,True,True,True,False,True
A108670,LG하우시스,KOSPI,화학,741337029322.5807,8937540458.870968,True,False,True,False,True
A108860,셀바스AI,KOSDAQ,IT 서비스,492460602520.0,73481406055.0204,True,False,True,False,True
A110990,디아이티,KOSDAQ,기계·장비,363189991631.79913,9544648643.514645,True,True,True,True,True
A111770,영원무역,KOSPI,유통,2195940706728.9795,4780583137.032653,True,False,True,False,True
A112040,위메이드,KOSDAQ,IT 서비스,2497980204066.6665,87483694965.33333,True,True,True,True,True
A112610,씨에스윈드,KOSPI,금속,2964597455154.4355,41641192806.04839,True,False,True,False,True
A114090,GKL,KOSPI,오락·문화,1576774545284.8362,7245729055.2254095,True,False,True,False,True
A114190,강원에너지,KOSDAQ,전기·전자,537172828503.0204,27609229412.89796,True,False,True,False,True
A114810,한솔아이원스,KOSDAQ,기계·장비,288811543281.7699,2214440707.7876105,True,False,True,False,True
A115450,지트리비앤티,KOSDAQ,유통,846401112779.9181,11147364857.786884,True,False,True,False,True
A117730,티로보틱스,KOSDAQ,기계·장비,289424585312.40814,24963225473.83673,True,False,True,False,True
A118990,모트렉스,KOSDAQ,운송장비·부품,430602102894.69385,15896455782.816326,True,False,True,True,True
A119610,인터로조,KOSDAQ,의료·정밀기기,433845725172.2449,2463375890.714286,True,True,True,True,True
A120110,코오롱인더,KOSPI,화학,1911547441147.5808,30967999991.532257,True,False,True,False,True
A121600,나노신소재,KOSDAQ,화학,1515673474573.8774,49673161576.408165,True,True,True,True,True
A121800,비덴트,KOSDAQ,전기·전자,597289399147.7017,102301435706.41129,True,False,True,False,True
A122640,예스티,KOSDAQ,기계·장비,347221104485.9833,6892212185.188285,True,True,True,False,True
A122870,와이지엔터테인먼트,KOSDAQ,오락·문화,1212055823576.3264,35051365333.67347,True,False,True,False,True
A122900,아이마켓코리아,KOSPI,유통,367117384758.53656,1114647823.5569105,True,False,True,False,True
A123040,엠에스오토텍,KOSDAQ,운송장비·부품,252363044725.08063,7505391756.693548,True,False,True,False,True
A123860,아나패스,KOSDAQ,전기·전자,284294653327.8455,844046232.9268292,True,False,True,False,True
A123890,한국자산신탁,KOSPI,기타금융,563059306923.7295,866898561.5573771,True,False,True,False,True
A126340,비나텍,KOSDAQ,전기·전자,308656495593.2653,3890562072.857143,True,False,True,False,True
A126560,현대퓨처넷,KOSPI,통신,502931231576.85486,7553999750.181452,True,False,True,False,True
A126600,BGF에코머티리얼즈,KOSDAQ,화학,227945916598.03348,615449047.9497908,True,False,True,False,True
A126700,하이비젼시스템,KOSDAQ,의료·정밀기기,308120103685.35565,11756277808.033472,True,True,True,True,True
A126720,수산인더스트리,KOSPI,건설,375742404807.6923,7697465833.653846,False,False,True,False,False
A128940,한미약품,KOSPI,제약,5427958222471.312,28057825746.62295,True,False,True,False,True
A131290,티에스이,KOSDAQ,의료·정밀기기,701798607260.0807,6056508698.185484,True,True,True,True,True
A131970,테스나,KOSDAQ,일반서비스,719446058557.258,14623457912.298388,True,False,True,False,True
A136480,하림,KOSDAQ,음식료·담배,329365618135.2301,4660201628.74477,True,False,True,False,True
A137310,에스디바이오센서,KOSPI,의료·정밀기기,5305701643734.211,80783730382.45615,True,False,True,False,True
A137400,피엔티,KOSDAQ GLOBAL,기계·장비,1258980567644.898,28238130237.142857,True,False,True,False,True
A138040,메리츠금융지주,KOSPI,기타금융,16405108995564.854,30008451941.6318,True,False,True,False,True
A138490,코오롱플라스틱,KOSPI,화학,425823983739.8374,6857343681.056911,True,False,True,False,True
A138930,BNK금융지주,KOSPI,기타금융,3004869166084.18,9048476639.40164,True,False,True,False,True
A139130,DGB금융지주,KOSPI,기타금융,1782055333749.0574,5935114502.569673,True,False,True,False,True
A139480,이마트,KOSPI,유통,6670832005407.787,22873532778.56148,True,True,True,False,True
A140410,메지온,KOSDAQ,일반서비스,1477487559578.2258,26032721115.725807,True,False,True,False,True
A140860,파크시스템스,KOSDAQ,의료·정밀기기,1262135984243.5146,5959971106.460251,True,False,True,False,True
A141080,레고켐바이오,KOSDAQ GLOBAL,일반서비스,2815284969709.6235,79825416451.88284,True,False,True,False,True
A144510,녹십자랩셀,KOSDAQ,일반서비스,1147726022568.1453,33056696174.59677,True,True,True,False,True
A145020,휴젤,KOSDAQ GLOBAL,제약,2780738375751.4644,20480723148.93724,True,True,True,False,True
A145720,덴티움,KOSPI,의료·정밀기기,1434633315244.898,11811793804.257145,True,False,True,False,True
A145990,삼양사,KOSPI,음식료·담배,804337875406.9672,1167397236.8852458,True,False,True,False,True
A146320,비씨엔씨,KOSDAQ,전기·전자,231560360224.0,3378775020.7755103,True,False,True,False,True
A151860,KG ETS,KOSDAQ,화학,487351475409.83606,24928024704.590164,True,True,True,False,True
A161000,애경케미칼,KOSPI,화학,695043112652.2041,41924076447.44898,True,False,True,False,True
A161390,한국타이어,KOSPI,화학,5915339155575.41,12610529376.061476,True,False,True,False,True
A161890,한국콜마,KOSPI,화학,1616130713815.1638,9547109237.856558,True,True,True,False,True
A166090,하나머티리얼즈,KOSDAQ,전기·전자,913971645050.0,5588774066.666667,True,False,True,False,True
A170900,동아에스티,KOSPI,제약,866911856070.4918,4618514193.032787,True,False,True,False,True
A171090,선익시스템,KOSDAQ,기계·장비,419991264299.7908,16185352170.08368,True,False,True,False,True
A175330,JB금융지주,KOSPI,기타금융,2817460887332.9707,6874673907.083682,True,False,True,False,True
A178320,서진시스템,KOSDAQ,전기·전자,1298519462348.6382,22348787268.51915,True,False,True,False,True
A178920,PI첨단소재,KOSDAQ,화학,1456066317697.984,15131356462.903225,True,False,True,False,True
A179900,유티아이,KOSDAQ,전기·전자,481773850160.46027,2876473651.464435,True,False,True,False,True
A180640,한진칼,KOSPI,기타금융,4720623871451.046,7229846451.234309,True,False,True,False,True
A181710,NHN,KOSPI,IT 서비스,1495683048266.1292,9908937249.326612,True,True,True,False,True
A182360,큐브엔터,KOSDAQ,오락·문화,277016681930.8571,6751198680.489796,True,False,True,False,True
A182400,엔케이맥스,KOSDAQ,제약,665109945767.8862,7875028355.487804,True,False,True,False,True
A183190,아세아시멘트,KOSPI,비금속,478619363845.082,3336690546.311476,True,False,True,False,True
A183300,코미코,KOSDAQ GLOBAL,기계·장비,691337414164.0167,8359605858.778243,True,False,True,False,True
A185750,종근당,KOSPI,제약,1600099436449.5967,22216776778.225807,True,False,True,False,True
A189300,인텔리안테크,KOSDAQ,전기·전자,752885892638.7755,10590609260.0,True,True,True,True,True
A192080,더블유게임즈,KOSPI,IT 서비스,1147035696423.3872,14592098109.879032,True,False,True,False,True
A192400,쿠쿠홀딩스,KOSPI,기타금융,894498819663.0082,877913062.1504065,True,False,True,False,True
A192650,드림텍,KOSPI,전기·전자,722733472962.0817,7448432248.571428,True,False,True,False,True
A192820,코스맥스,KOSPI,화학,1567476414116.318,19538367765.635983,True,False,True,False,True
A194480,데브시스터즈,KOSDAQ,IT 서비스,1075238781779.0322,38276703159.27419,True,False,True,False,True
A195870,해성디에스,KOSPI,전기·전자,903114634146.3414,14190165893.495935,True,False,True,False,True
A195940,HK이노엔,KOSDAQ,제약,1694732714582.1428,100384030270.40816,True,False,True,False,True
A196170,알테오젠,KOSDAQ GLOBAL,일반서비스,13012079728517.154,281425022538.0753,True,False,True,False,True
A199800,툴젠,KOSDAQ,일반서비스,509911190211.9919,2138941290.2439024,True,False,True,False,True
A200130,콜마비앤에이치,KOSDAQ,제약,1333712952825.0,8457407133.467742,True,False,True,False,True
A200670,휴메딕스,KOSDAQ,제약,362090980065.6904,3969088819.456067,True,False,True,False,True
A200710,에이디테크놀로지,KOSDAQ,전기·전자,359985576347.4896,14384405484.058577,True,False,True,False,True
A200880,서연이화,KOSPI,운송장비·부품,448128092769.1632,10674500055.606695,True,False,True,False,True
A204270,제이앤티씨,KOSDAQ,전기·전자,1070641981575.0627,33445489595.31381,True,False,True,False,True
A204320,만도,KOSPI,운송장비·부품,3011693349677.4194,43905164054.258064,True,True,True,False,True
A204620,글로벌텍스프리,KOSDAQ,금융,249140405028.159,5570723351.861925,True,True,True,False,True
A205470,휴마시스,KOSDAQ,제약,585271080192.0731,72289525390.04065,True,False,True,False,True
A206640,바디텍메드,KOSDAQ,제약,504183500912.621,31274313701.572582,True,True,True,True,True
A206650,유바이오로직스,KOSDAQ,제약,1256921136515.1208,48321569126.814514,True,False,True,False,True
A207940,삼성바이오로직스,KOSPI,제약,61996723188284.52,78006651491.27197,True,False,True,False,True
A210980,SK디앤디,KOSPI,부동산,729646028287.0968,3920598615.806452,True,False,True,False,True
A213420,덕산네오룩스,KOSDAQ,전기·전자,1250397671252.8225,14698830827.661291,True,False,True,False,True
A213500,한솔제지,KOSPI,종이·목재,415222507855.7377,2142081573.770492,True,False,True,False,True
A214150,클래시스,KOSDAQ GLOBAL,의료·정밀기기,2888459984782.218,13199718239.85774,True,False,True,False,True
A214320,이노션,KOSPI,일반서비스,1369544715447.1543,3169626144.528456,True,False,True,False,True
A214370,케어젠,KOSDAQ,제약,1965699282127.66,12018980910.212769,True,False,True,True,True
A214450,파마리서치,KOSDAQ GLOBAL,제약,1601798249718.4102,29264660885.28033,True,False,True,True,True
A214680,디알텍,KOSDAQ,의료·정밀기기,252204969126.10043,8566805519.48954,True,False,True,False,True
A215000,골프존,KOSDAQ,IT 서비스,895976203097.561,5772162339.02439,True,False,True,False,True
A215200,메가스터디교육,KOSDAQ,일반서비스,987342387219.5122,5348052028.077236,True,False,True,False,True
A215600,신라젠,KOSDAQ,일반서비스,5782566498707.377,215470191962.29507,True,False,True,False,True
A216080,제테마,KOSDAQ,제약,504168998413.70966,4834964794.758064,True,False,True,False,True
A217270,넵튠,KOSDAQ,IT 서비스,759056329181.0483,13270623370.96774,True,False,True,False,True
A217330,싸이토젠,KOSDAQ,일반서비스,336656553468.14514,2557178656.0080647,True,False,True,False,True
A217820,원익피앤이,KOSDAQ,기계·장비,351555623918.12244,22305797787.142857,True,False,True,False,True
A218410,RFHIC,KOSDAQ,전기·전자,921484188659.879,9428108579.838709,True,False,True,False,True
A222080,씨아이에스,KOSDAQ,기계·장비,857145308640.8536,24707890784.6748,True,False,True,False,True
A222800,심텍,KOSDAQ,전기·전자,1320354227350.0,29027980177.23577,True,True,True,False,True
A225570,넥슨게임즈,KOSDAQ,IT 서비스,1140796927571.2654,17244016966.530613,True,True,True,True,True
A226320,잇츠한불,KOSPI,화학,1050423175924.1804,4316570626.024591,True,False,True,True,True
A228670,레이,KOSDAQ,의료·정밀기기,430961657105.10205,7088402500.746939,True,False,True,False,True
A228760,지노믹트리,KOSDAQ,일반서비스,477900295478.7448,10234096041.213388,True,False,True,False,True
A229640,LS에코에너지,KOSPI,기타금융,794944976298.5774,30947246992.84519,True,False,True,False,True
A230360,에코마케팅,KOSDAQ,일반서비스,766177935273.1854,5622560442.33871,True,False,True,False,True
A232140,와이아이케이,KOSDAQ,기계·장비,958128343587.866,87384718553.76569,True,False,True,False,True
A234340,세틀뱅크,KOSDAQ,IT 서비스,332513540948.2759,7820710103.0172415,True,True,True,True,True
A235980,메드팩토,KOSDAQ,일반서비스,1467733944458.4678,18041772451.612904,True,False,True,False,True
A237690,에스티팜,KOSDAQ,제약,1913308206451.6128,36849514744.51613,True,False,True,False,True
A237880,클리오,KOSDAQ,화학,544808193907.28033,3767464947.5732217,True,False,True,False,True
A239890,피엔에이치테크,KOSDAQ,화학,199709825574.85715,2908534178.7755103,True,False,True,False,True
A240810,원익IPS,KOSDAQ,기계·장비,2288447820594.9595,26925624505.58871,True,False,True,False,True
A241560,두산밥캣,KOSPI,기계·장비,4780228038108.98,20706876434.19184,True,False,True,False,True
A241590,화승엔터프라이즈,KOSPI,섬유·의류,1007594548448.992,5025266147.379032,True,False,True,False,True
A241710,코스메카코리아,KOSDAQ,화학,627181882845.1882,11797371472.384935,True,False,True,False,True
A243070,휴온스,KOSDAQ,제약,687263769820.9016,5163514240.065574,True,False,True,False,True
A243840,신흥에스이씨,KOSDAQ,전기·전자,433118714461.492,10401786603.25,True,False,True,False,True
A247540,에코프로비엠,KOSDAQ GLOBAL,전기·전자,24163678264790.203,472201688286.1224,True,True,True,True,True
A248070,솔루엠,KOSPI,전기·전자,1309438719300.0,33974369845.81498,True,False,True,False,True
A249420,일동제약,KOSPI,제약,1050477475329.2684,161328379260.5691,True,False,True,False,True
A251270,넷마블게임즈,KOSPI,IT 서비스,11707695458109.016,40736729965.30738,True,False,True,False,True
A251970,펌텍코리아,KOSDAQ,화학,412572384937.23846,4290418042.32636,True,False,True,False,True
A252990,샘씨엔에스,KOSDAQ,전기·전자,356823273747.57324,7520979367.196652,True,False,True,True,True
A253450,스튜디오드래곤,KOSDAQ,오락·문화,2824724296096.7744,18199124897.70161,True,False,True,False,True
A253590,네오셈,KOSDAQ,기계·장비,498821305474.5188,43665264919.20503,True,False,True,False,True
A254490,미래반도체,KOSDAQ,유통,327845819035.0877,24037366078.02632,False,False,True,False,False
A256840,한국비엔씨,KOSDAQ,제약,849188375122.0161,143623796382.01614,True,False,True,False,True
A257720,실리콘투,KOSDAQ,유통,1746498642582.7617,62416587147.824265,True,False,True,False,True
A259960,크래프톤,KOSPI,IT 서비스,23707996657319.586,230732514094.0516,True,True,True,False,True
A263720,디앤씨미디어,KOSDAQ,오락·문화,513705970887.7016,6458754847.580646,True,False,True,False,True
A263750,펄어비스,KOSDAQ,IT 서비스,5273464611428.571,72169725971.9796,True,True,True,True,True
A265520,AP시스템,KOSDAQ,기계·장비,402947669452.4194,7670929371.774194,True,False,True,False,True
A267250,현대로보틱스,KOSPI,기타금융,6432012243254.099,21216205860.032787,True,False,True,False,True
A267260,HD현대일렉트릭,KOSPI,전기·전자,9247990520391.213,123891921976.49371,True,False,True,False,True
A267270,현대건설기계,KOSPI,기계·장비,1366311903190.5735,12559107134.221312,True,False,True,False,True
A267980,매일유업,KOSDAQ,음식료·담배,674744176243.9025,1527377127.2357724,True,True,True,True,True
A268280,미원에스씨,KOSPI,화학,966460365853.6586,232909217.4796748,True,True,True,True,True
A268600,셀리버리,KOSDAQ,일반서비스,1470010808486.492,36047315287.09677,True,False,True,False,True
A270520,지엔원에너지,KOSDAQ,일반서비스,356556409691.6531,37947343953.30612,True,False,True,False,True
A271560,오리온,KOSPI,음식료·담배,4939725018063.674,11437638001.702042,True,False,True,False,True
A271940,일진하이솔루스,KOSPI,운송장비·부품,2473282514024.39,36054389746.34146,True,False,True,False,True
A271980,제일약품,KOSPI,제약,671484935235.4839,53877941068.951614,True,False,True,False,True
A272210,한화시스템,KOSPI,전기·전자,3569983608829.08,54616373259.74896,True,False,True,False,True
A272290,이녹스첨단소재,KOSDAQ,전기·전자,773830471102.8456,11781140961.585363,True,True,True,False,True
A272450,진에어,KOSPI,운송·창고,913652419354.8387,8092370371.975806,True,True,True,False,True
A272550,삼양패키징,KOSPI,화학,373213626348.3871,1223907650.141129,True,False,True,False,True
A277810,레인보우로보틱스,KOSDAQ,기계·장비,3001433693282.0083,36912341453.55649,True,False,True,False,True
A278280,천보,KOSDAQ,화학,2538146341463.4146,19609610450.406506,True,True,True,False,True
A278650,노터스,KOSDAQ,일반서비스,353897938165.5102,48447017461.63265,True,True,True,False,True
A280360,롯데웰푸드,KOSPI,음식료·담배,1308504358430.9624,2924818268.2008367,True,False,True,False,True
A281740,레이크머티리얼즈,KOSDAQ,화학,1195748677405.3557,23094280619.456062,True,False,True,False,True
A281820,케이씨텍,KOSPI,의료·정밀기기,764261794757.3221,8648862267.991632,True,False,True,False,True
A282330,BGF리테일,KOSPI,유통,3402891948365.853,5042590607.869919,True,False,True,False,True
A282880,코윈테크,KOSDAQ,기계·장비,318285841742.2449,9309876709.591837,True,True,True,False,True
A284740,쿠쿠홈시스,KOSPI,일반서비스,952229428427.4192,2924422324.395161,True,False,True,False,True
A285130,SK케미칼,KOSPI,화학,3283246587741.9355,71283448010.8871,True,False,True,False,True
A285490,노바텍,KOSDAQ,기타제조,370592490145.1613,4417626137.701612,True,False,True,True,True
A289220,자이언트스텝,KOSDAQ,오락·문화,729734413465.4639,61192743467.78351,True,False,True,False,True
A290650,엘앤씨바이오,KOSDAQ,제약,756606102541.5322,6726448640.524194,True,False,True,False,True
A290670,대보마그네틱,KOSDAQ,전기·전자,429025922865.8536,8588306051.626017,True,False,True,False,True
A293480,하나제약,KOSPI,제약,392850000000.0,26021736857.37705,True,False,True,False,True
A293490,카카오게임즈,KOSDAQ,IT 서비스,5097994090552.017,155919151734.51614,True,False,True,False,True
A294870,HDC현대산업개발,KOSPI,건설,2237279239625.0,17375998998.0,True,False,True,False,True
A297090,씨에스베어링,KOSDAQ,기계·장비,300507751836.7347,6408985466.979591,True,False,True,False,True
A297890,HB솔루션,KOSDAQ,기계·장비,377515818414.03766,18117869535.271965,True,False,True,False,True
A298000,효성화학,KOSPI,화학,1001532339653.2258,22144018477.822582,True,False,True,False,True
A298020,효성티앤씨,KOSPI,화학,2713317011354.839,45454092173.3871,True,False,True,False,True
A298040,효성중공업,KOSPI,전기·전자,2970087021133.054,42114865407.37238,True,False,True,False,True
A298050,효성첨단소재,KOSPI,화학,2185591405427.42,55285858766.12904,True,False,True,False,True
A298380,에이비엘바이오,KOSDAQ,제약,1316389463419.6653,39593803658.07532,True,False,True,False,True
A298540,더네이쳐홀딩스,KOSDAQ,섬유·의류,441501259141.4634,2602107622.357724,True,False,True,False,True
A298690,에어부산,KOSPI,운송·창고,384759653877.551,2617214758.5306125,True,False,True,False,True
A298830,슈어소프트테크,KOSDAQ,IT 서비스,411213039282.71344,19008675791.90244,False,False,False,False,False
A299030,하나기술,KOSDAQ,기계·장비,627021783171.4286,23747403121.63265,True,False,True,True,True
A299900,위지윅스튜디오,KOSDAQ,오락·문화,1116562879093.6992,10325427275.203253,True,False,True,True,True
A300720,한일시멘트,KOSPI,비금속,1146193676951.0205,5974656673.265306,True,False,True,True,True
A302440,SK바이오사이언스,KOSPI,제약,15803431818181.818,281574495997.47473,True,False,True,False,True
A304100,솔트룩스,KOSDAQ,IT 서비스,316314054253.8776,43842769448.62041,True,False,True,False,True
A306200,세아제강,KOSPI,금속,406640100406.5041,4429791474.390244,True,False,True,False,True
A307750,국전약품,KOSDAQ,제약,409395283632.8049,16791882443.414637,True,False,True,False,True
A307950,현대오토에버,KOSPI,IT 서비스,4199368959184.1006,18455846794.142258,True,False,True,False,True
A310210,보로노이,KOSDAQ,제약,1116667852953.1382,16519040722.88703,True,False,True,False,True
A314930,바이오다인,KOSDAQ,의료·정밀기기,395605280602.887,13084639384.22594,True,False,True,False,True
A316140,우리금융지주,KOSPI,기타금융,11106380834220.418,39175252214.65272,True,False,True,False,True
A317330,덕산테코피아,KOSDAQ,화학,735570594555.1465,23974187964.82427,True,False,True,False,True
A319400,현대무벡스,KOSDAQ,기계·장비,441025738139.901,1567556267.7475247,True,False,True,False,True
A319660,피에스케이,KOSDAQ GLOBAL,기계·장비,749189515712.5522,8483915393.556485,True,True,True,True,True
A321550,티움바이오,KOSDAQ,일반서비스,458594753567.74194,6281887631.854838,True,False,True,False,True
A322000,현대에너지솔루션,KOSPI,전기·전자,457499512195.122,20535944745.121952,True,False,True,False,True
A322310,오로스테크놀로지,KOSDAQ,기계·장비,324689776358.6854,7904105654.741784,True,False,True,False,True
A322510,제이엘케이,KOSDAQ,IT 서비스,264062723222.2245,13708283322.938776,True,False,True,False,True
A323410,카카오뱅크,KOSPI,은행,31991030081232.324,362149759756.0606,True,False,True,False,True
A323990,박셀바이오,KOSDAQ,일반서비스,1319560167813.7651,99983051312.95546,True,False,True,False,True
A326030,SK바이오팜,KOSPI,일반서비스,13538403093750.0,132200151487.90324,True,False,True,False,True
A328130,루닛,KOSDAQ,IT 서비스,1541642801917.9917,47898356212.95397,True,False,True,False,True
A329180,HD현대중공업,KOSPI,운송장비·부품,14200578500692.889,40480785161.87866,True,False,True,False,True
A330860,네패스아크,KOSDAQ,일반서비스,549447723713.30646,8267810205.096774,True,False,True,False,True
A334970,프레스티지바이오로직스,KOSDAQ,제약,636810292595.5172,29232142555.27093,True,False,True,False,True
A335890,비올,KOSDAQ,의료·정밀기기,532569359189.83264,21835441715.271965,True,False,True,False,True
A336260,두산퓨얼셀,KOSPI,전기·전자,3299853848741.129,57757752697.52016,True,False,True,False,True
A336370,솔루스첨단소재,KOSPI,전기·전자,1907758627203.629,31258387372.782257,True,False,True,False,True
A336570,원텍,KOSDAQ,의료·정밀기기,768680824698.1632,12494059549.857143,True,False,True,False,True
A338220,뷰노,KOSDAQ,IT 서비스,420333619607.94977,11135110467.991632,True,False,True,False,True
A340570,티앤엘,KOSDAQ,제약,488417981589.9581,7968515741.841004,True,False,True,False,True
A344820,케이씨씨글라스,KOSPI,비금속,930008635790.3226,8164596039.314516,True,False,True,False,True
A348210,넥스틴,KOSDAQ,기계·장비,670616661184.0817,7517449683.67347,True,False,True,False,True
A348340,뉴로메카,KOSDAQ,기계·장비,339284005819.18365,47583020429.95918,False,False,True,False,False
A348370,엔켐,KOSDAQ,화학,4096134537186.554,142393468307.57144,False,False,True,False,False
A352480,씨앤씨인터내셔널,KOSDAQ,화학,820487437411.5062,9030998912.343096,True,False,True,False,True
A352820,빅히트,KOSPI,오락·문화,10568908242709.678,111729331413.0121,True,False,True,False,True
A353200,대덕전자,KOSPI,전기·전자,1292975763262.195,21992926470.528454,True,False,True,False,True
A354320,알멕,KOSDAQ,금속,426192036749.187,23615374767.886177,False,False,False,False,False
A356860,티엘비,KOSDAQ,전기·전자,257594421354.16663,49349434283.333336,True,False,True,False,True
A357550,석경에이티,KOSDAQ,화학,283555008368.20087,595725166.5271966,True,False,True,False,True
A357780,솔브레인,KOSDAQ,화학,2327597868683.871,14270849165.32258,True,False,True,False,True
A358570,지아이이노베이션,KOSDAQ,일반서비스,515314402137.113,9512202161.046024,True,False,True,False,True
A360070,탑머티리얼,KOSDAQ,전기·전자,482141884614.898,12211458977.959185,False,False,True,False,False
A361610,SK아이이테크놀로지,KOSPI,전기·전자,13084215237465.838,122175709118.02484,True,False,True,True,True
A365340,성일하이텍,KOSDAQ,화학,1525765805684.898,35369491122.04082,False,False,True,False,False
A370090,퓨런티어,KOSDAQ,의료·정밀기기,220976908930.61224,9772160152.816326,True,False,True,False,True
A372170,윤성에프앤씨,KOSDAQ,기계·장비,1078195729222.8572,24340831720.408165,False,False,True,False,False
A372320,큐로셀,KOSDAQ,일반서비스,419952820830.0,7139492605.43933,False,False,False,False,False
A373220,LG에너지솔루션,KOSPI,전기·전자,121111714285714.28,183074683058.79184,True,False,True,False,True
A375500,DL이앤씨,KOSPI,건설,2539567320635.1934,29011802178.948498,True,False,True,False,True
A376300,디어유,KOSDAQ,IT 서비스,1615040084583.7837,71621258064.86487,True,False,True,False,True
A377300,카카오페이,KOSPI,기타금융,23827530898535.715,210114413237.3333,True,False,True,False,True
A377740,바이오노트,KOSPI,제약,973425638640.0,87755909285.0,True,False,True,False,True
A378340,필에너지,KOSDAQ,기계·장비,511423765466.2832,19089568063.74336,False,False,False,False,False
A381970,케이카,KOSPI,유통,1419522890393.8596,38720077409.64912,True,False,True,False,True
A382840,원준,KOSDAQ,기계·장비,511800105465.0,18043345506.666668,True,False,True,False,True
A383220,F&F,KOSPI,섬유·의류,5701448483641.976,22803912860.082302,True,False,True,False,True
A383310,에코프로에이치엔,KOSDAQ,화학,1159692703175.8389,67398939102.68456,True,True,True,True,True
A383800,LX홀딩스,KOSPI,기타금융,764139269385.3334,7978171107.466666,True,False,True,False,True
A384470,코어라인소프트,KOSDAQ,IT 서비스,277283022573.9706,50151575453.51471,False,False,False,False,False
A389260,대명에너지,KOSDAQ,건설,380878312244.898,6045184583.632653,False,False,True,False,False
A389500,에스비비테크,KOSDAQ,기계·장비,270186074981.2245,28410502972.208164,False,False,True,False,False
A393890,더블유씨피,KOSDAQ,전기·전자,1798651362435.9185,15934087442.65306,False,False,True,False,False
A394280,오픈엣지테크놀로지,KOSDAQ,IT 서비스,442463654152.2176,19672061019.58159,False,False,True,False,False
A396270,넥스트칩,KOSDAQ,전기·전자,239149224904.4898,13590775592.285715,False,False,True,False,False
A397030,에이프릴바이오,KOSDAQ,일반서비스,378867511934.1423,14606403433.263596,False,False,True,False,False
A399720,가온칩스,KOSDAQ,전기·전자,746058039171.5481,37615336701.46443,False,False,True,False,False
A402030,코난테크놀로지,KOSDAQ,IT 서비스,439110090709.83606,26974809795.90164,False,False,True,False,False
A402340,SK스퀘어,KOSPI,기타금융,10646168688990.797,35710785244.267784,True,False,True,True,True
A402490,그린리소스,KOSDAQ,전기·전자,289183071216.6667,166433257381.25,False,False,False,False,False
A403550,쏘카,KOSPI,일반서비스,642077292240.0,12085414186.666666,False,False,True,False,False
A403870,HPSP,KOSDAQ,기계·장비,3188775675831.8,65800404737.91213,False,False,True,False,False
A417010,나노팀,KOSDAQ,기계·장비,429546133714.1177,15615368433.72549,False,False,True,False,False
A417200,LS머트리얼즈,KOSDAQ,전기·전자,2648601599850.0,785263693086.6666,False,False,False,False,False
A418420,라온텍,KOSDAQ,전기·전자,254135714061.7,27375746640.225,False,False,True,False,False
A418550,제이오,KOSDAQ,일반서비스,903742856416.1216,28496895246.168224,False,False,True,False,False
A420770,기가비스,KOSDAQ,기계·장비,991321357912.162,23596250617.56757,False,False,False,False,False
A424960,스마트레이더시스템,KOSDAQ,의료·정밀기기,239071784448.27585,56417454384.8046,False,False,False,False,False
A425040,티이엠씨,KOSDAQ,화학,440032506590.9483,10673795357.974138,False,False,True,False,False
A425420,티에프이,KOSDAQ,전기·전자,303726032719.6653,2481668652.6778245,False,False,True,False,False
A432470,케이엔에스,KOSDAQ,기계·장비,308500059187.5,143353098731.25,False,False,False,False,False
A432720,퀄리타스반도체,KOSDAQ,전기·전자,284821290763.63635,81559200446.36363,False,False,False,False,False
A439090,마녀공장,KOSDAQ,화학,479205500050.3597,29213030878.56115,False,False,False,False,False
A439580,블루엠텍,KOSDAQ,유통,344243154450.0,302410990731.8182,False,False,False,False,False
A440110,파두,KOSDAQ,전기·전자,1491598186586.598,89931918768.04124,False,False,False,False,False
A441270,파인엠텍,KOSDAQ,전기·전자,298291629660.4898,3708336576.653061,False,False,True,False,False
A445090,에이직랜드,KOSDAQ,전기·전자,489187333618.1818,86620182686.36363,False,False,False,False,False
A445680,큐리옥스바이오시스템즈,KOSDAQ,의료·정밀기기,337895227688.61926,10507606771.025105,False,False,False,False,False
A448280,에코아이,KOSDAQ,일반서비스,498644344937.03705,129688638642.5926,False,False,False,False,False
A450080,에코프로머티,KOSPI,전기·전자,9699405090572.414,732430851805.1724,False,False,True,False,False
A452260,한화갤러리아,KOSPI,유통,267963499507.3369,8455364333.152174,False,False,False,False,False
A453340,현대그린푸드,KOSPI,유통,413269182169.45605,824083600.5857741,False,False,False,False,False
A454910,두산로보틱스,KOSPI,기계·장비,4816883911255.23,69801114042.67783,False,False,False,False,False
A456040,OCI,KOSPI,화학,894869293737.931,14128509089.655172,False,False,False,False,False
A457190,이수스페셜티케미컬,KOSPI,화학,1383552405799.5708,48335876325.53648,False,False,False,False,False
A460860,동국제강,KOSPI,금속,539917991338.4211,13584453113.909777,False,False,False,False,False
A462520,조선내화,KOSPI,비금속,320151689307.9612,13868325586.213593,False,False,False,False,False
A900140,엘브이엠씨홀딩스,KOSPI,유통,431086087997.09625,2564530731.6736403,True,False,True,False,True
A950130,엑세스바이오,KOSDAQ,제약,735587107078.4274,41238478813.508064,True,False,True,False,True
A950140,잉글우드랩,KOSDAQ,화학,290944530929.12134,5063319758.368201,True,False,True,False,True
A950160,티슈진(Reg.S),KOSDAQ,제약,2627974699129.098,22887517161.68033,True,False,True,False,True
A950210,피비파마,KOSPI,일반서비스,1768463504078.125,51396819845.98214,True,False,True,False,True
