﻿stockcode,Name,Market,gics,avg_marcap,avg_amount,2018_배당,2018_자사주,2019_배당,2019_자사주,최근2년_활동
A000020,동화약품,KOSPI,제약,429333724354.8387,14750881746.975807,True,False,True,False,True
A000050,경방,KOSPI,유통,372051744806.4516,502173096.9758065,True,False,True,False,True
A000070,삼양홀딩스,KOSPI,기타금융,894462132578.2258,4867188425.0,True,False,True,True,True
A000080,하이트진로,KOSPI,음식료·담배,2441087997868.75,16955290659.879032,True,False,True,False,True
A000100,유한양행,KOSPI,제약,7551094526847.699,195262272090.2092,True,False,True,False,True
A000120,CJ대한통운,KOSPI,운송·창고,3751710735419.355,9692187993.830645,True,False,True,False,True
A000140,하이트진로홀딩스,KOSPI,기타금융,372878439664.1129,837748400.1209677,True,False,True,False,True
A000150,두산,KOSPI,기타금융,2722111688441.4224,29359966194.393307,True,False,True,False,True
A000210,대림산업,KOSPI,화학,3447293658536.585,12409555730.686993,True,False,True,False,True
A000240,한국테크놀로지그룹,KOSPI,기타금융,1686782803268.5483,6132366850.060484,True,False,True,False,True
A000250,삼천당제약,KOSDAQ,제약,2825212038774.8955,111130667113.38911,True,False,True,False,True
A000270,기아,KOSPI,운송장비·부품,43340780615282.84,169215590868.2092,True,False,True,False,True
A000320,노루홀딩스,KOSPI,기타금융,189396178153.4836,145805597.95081967,True,False,True,False,True
A000370,한화손해보험,KOSPI,보험,831415509506.3524,1579230162.6967213,True,False,True,False,True
A000390,삼화페인트,KOSPI,화학,311141530619.1129,3504523087.66129,True,False,True,False,True
A000400,롯데손해보험,KOSPI,보험,856971024309.2887,5229499920.426778,True,False,True,False,True
A000430,대원강업,KOSPI,운송장비·부품,302880376569.03766,1555147246.841004,True,False,True,False,True
A000480,조선내화,KOSPI,비금속,347520325203.252,816299776.4227642,True,False,True,False,True
A000540,흥국화재,KOSPI,보험,375906358794.4672,340874347.0491803,True,False,True,False,True
A000640,동아쏘시오홀딩스,KOSPI,기타금융,734568300951.6129,3674247978.225806,True,False,True,False,True
A000660,SK하이닉스,KOSPI,전기·전자,130486656537000.0,788768576554.4226,True,False,True,False,True
A000670,영풍,KOSPI,금속,1530085996393.4426,1344842225.409836,True,False,True,False,True
A000680,LS네트웍스,KOSPI,유통,312012133998.8284,6855091922.322176,True,False,True,False,True
A000700,유수홀딩스,KOSPI,일반서비스,197320715022.43903,436878494.9186992,True,False,True,True,True
A000720,현대건설,KOSPI,건설,5937042141235.655,112358020647.89754,True,False,True,False,True
A000810,삼성화재,KOSPI,보험,15754611065941.422,36393553342.80335,True,False,True,False,True
A000860,강남제비스코,KOSPI,화학,191600819672.1312,212983117.2131148,True,False,True,False,True
A000880,한화,KOSPI,화학,2675089855312.5,9803693801.237703,True,False,True,False,True
A000890,보해양조,KOSPI,음식료·담배,148877252730.75204,13602427715.06504,True,False,True,False,True
A000970,한국주철관,KOSPI,금속,245144302682.9268,4180134540.487805,True,False,True,False,True
A000990,DB하이텍,KOSPI,전기·전자,2661686399271.7744,75338395766.73387,True,True,True,True,True
A001040,CJ,KOSPI,기타금융,4293024564331.9673,11462418428.52459,True,False,True,True,True
A001060,JW중외제약,KOSPI,제약,804411185748.1558,6055064638.934426,True,False,True,False,True
A001120,LX인터내셔널,KOSPI,유통,1387986146341.4634,14390773515.528456,True,False,True,False,True
A001130,대한제분,KOSPI,음식료·담배,308998638211.38214,454295146.3414634,True,False,True,False,True
A001200,유진투자증권,KOSPI,증권,404186274822.5523,4945741014.435146,True,False,True,False,True
A001230,동국제강,KOSPI,기타금융,1628909833480.2822,31334294402.580647,True,True,True,False,True
A001250,GS글로벌,KOSPI,유통,270494263916.0656,2546715377.27459,True,False,True,False,True
A001270,부국증권,KOSPI,증권,266564644869.87448,127767001.8828452,True,False,True,False,True
A001360,삼성제약,KOSPI,제약,466058739040.64514,38100692910.201614,True,False,True,False,True
A001390,KG케미칼,KOSPI,화학,494888707837.1369,26360782715.39419,True,False,True,False,True
A001430,세아베스틸,KOSPI,금속,838298722422.7822,8278440630.846774,True,False,True,False,True
A001440,대한전선,KOSPI,전기·전자,2163326472635.9832,70644529544.35147,True,True,True,False,True
A001450,현대해상,KOSPI,보험,3509719426229.5083,9662647727.815577,True,False,True,False,True
A001460,BYC,KOSPI,섬유·의류,261621008384.1464,159164634.14634147,True,False,True,False,True
A001500,현대차증권,KOSPI,증권,403263319353.4274,2266700832.2580647,True,False,True,False,True
A001510,SK증권,KOSPI,증권,453450269074.5,11039025783.068548,True,False,True,False,True
A001520,동양,KOSPI,비금속,466304532751.9262,1094144777.704918,True,False,True,False,True
A001630,종근당홀딩스,KOSPI,제약,567803100982.258,10932175821.774193,True,False,True,False,True
A001680,대상,KOSPI,음식료·담배,896790080942.5403,6216589168.548388,True,False,True,False,True
A001720,신영증권,KOSPI,증권,1032147523044.3514,402930286.19246864,True,True,True,True,True
A001740,SK네트웍스,KOSPI,유통,1388085260670.5286,6962485231.077236,True,False,True,False,True
A001780,알루코,KOSPI,금속,390483688126.5323,13773125910.665323,True,False,True,False,True
A001790,대한제당,KOSPI,음식료·담배,281260763741.46344,16139009237.621952,True,False,True,True,True
A001800,오리온홀딩스,KOSPI,기타금융,1419646500369.4673,2293484804.9180326,True,False,True,False,True
A001820,삼화콘덴서,KOSPI,전기·전자,680065183401.6394,31491972655.32787,True,False,True,False,True
A001940,KISCO홀딩스,KOSPI,금속,353074874849.3724,397386417.74058574,True,False,True,False,True
A002020,코오롱,KOSPI,기타금융,542236987034.83606,1546893469.057377,True,False,True,False,True
A002030,아세아,KOSPI,일반서비스,503066780368.20087,482352069.45606697,True,False,True,False,True
A002100,경농,KOSPI,화학,324710507266.2602,11225396850.406504,True,False,True,False,True
A002150,도화엔지니어링,KOSPI,일반서비스,344998092682.9268,5051367202.804878,True,False,True,False,True
A002210,동성제약,KOSPI,제약,515251776750.28687,53739517740.5123,True,False,True,False,True
A002240,고려제강,KOSPI,금속,546319672131.1475,486126490.9836066,True,False,True,False,True
A002310,아세아제지,KOSPI,종이·목재,439704658569.75806,3299795531.854839,True,False,True,False,True
A002320,한진,KOSPI,운송·창고,593664936008.871,3526288432.2580647,True,False,True,True,True
A002350,넥센타이어,KOSPI,화학,1047455958570.2458,1077372338.5163934,True,False,True,False,True
A002380,KCC,KOSPI,화학,3553348234438.5244,7414619075.331967,True,False,True,False,True
A002390,한독,KOSPI,제약,413947020568.4426,3149079884.6311474,True,False,True,True,True
A002450,삼익악기,KOSPI,기타제조,194468939071.82376,1628410453.1762297,True,False,True,False,True
A002460,화성산업,KOSPI,건설,199932366910.5691,5623987315.853659,True,False,True,False,True
A002620,제일파마홀딩스,KOSPI,일반서비스,336258602451.2195,226672845.32520324,True,False,True,False,True
A002780,진흥기업,KOSPI,건설,370146402776.7137,8832347787.258064,True,False,True,False,True
A002790,아모레G,KOSPI,화학,9041201493639.344,13611402054.729507,True,False,True,False,True
A002810,삼영무역,KOSPI,유통,286610011500.0,311383264.516129,True,False,True,False,True
A002840,미원상사,KOSPI,화학,982106068548.3872,873065981.8548387,True,True,True,True,True
A002960,한국쉘석유,KOSPI,화학,452804918032.78687,487169346.3114754,True,False,True,False,True
A002990,금호산업,KOSPI,건설,451107925713.0738,4518658843.770492,True,True,True,False,True
A003000,부광약품,KOSPI,제약,1713064463970.1614,132978743158.26611,True,True,True,False,True
A003030,세아제강지주,KOSPI,기타금융,812795853972.8033,1269054640.832636,True,False,True,False,True
A003060,에이프로젠제약,KOSPI,제약,470127516703.75,23443354402.298386,True,False,True,False,True
A003070,코오롱글로벌,KOSPI,건설,587072826676.2097,3942490392.943548,True,False,True,False,True
A003090,대웅,KOSPI,제약,2166046642814.516,26765672541.532257,True,False,True,False,True
A003120,일성신약,KOSPI,제약,315617243801.6529,1050932056.5289257,True,False,True,True,True
A003200,일신방직,KOSPI,섬유·의류,260120975609.7561,614600382.9268292,True,False,True,False,True
A003220,대원제약,KOSPI,제약,374940586419.71545,12164644291.463415,True,False,True,False,True
A003230,삼양식품,KOSPI,음식료·담배,3299287216098.326,50563715238.91213,True,False,True,False,True
A003240,태광산업,KOSPI,화학,1555812227868.8523,1348527266.3934426,True,False,True,False,True
A003300,한일시멘트,KOSPI,비금속,720080187480.6451,3098710235.410138,True,False,True,False,True
A003350,한국화장품제조,KOSPI,화학,218019539748.954,9996555366.527197,True,False,True,False,True
A003380,제일홀딩스,KOSDAQ,금융,1075377383855.7375,2615560692.622951,True,False,True,False,True
A003460,유화증권,KOSPI,증권,164162786902.86887,54516014.34426229,True,True,True,False,True
A003470,유안타증권,KOSPI,증권,817698077552.9032,4297189787.560484,True,False,True,False,True
A003490,대한항공,KOSPI,운송·창고,9564398096465.447,41856558222.96748,True,False,True,False,True
A003520,영진약품,KOSPI,제약,1437956619468.8523,15193468092.92623,True,False,True,False,True
A003530,한화투자증권,KOSPI,증권,988585105592.238,42730403199.616936,True,False,True,True,True
A003540,대신증권,KOSPI,증권,909601366370.9678,2900411584.274194,True,True,True,True,True
A003550,LG,KOSPI,기타금융,15578962080121.738,46353046755.7,True,False,True,False,True
A003560,IHQ,KOSPI,오락·문화,320214855988.7705,3812188660.540984,True,False,True,False,True
A003570,SNT다이내믹스,KOSPI,운송장비·부품,653172013958.9958,3068196903.138076,True,False,True,False,True
A003620,KG모빌리티,KOSPI,운송장비·부품,1618320983113.6584,15121182438.414637,True,False,True,False,True
A003670,포스코케미칼,KOSPI,전기·전자,25600740533697.96,359766757424.098,True,False,True,False,True
A003690,코리안리,KOSPI,보험,1358995379147.1963,2425524401.991632,True,False,True,False,True
A003800,에이스침대,KOSDAQ,기타제조,498383705645.1613,288961968.75,True,True,True,False,True
A003850,보령제약,KOSPI,제약,1104902631048.3872,20205018448.18548,True,False,True,False,True
A003920,남양유업,KOSPI,음식료·담배,474350163934.4262,512792952.8688525,True,False,True,False,True
A003960,사조대림,KOSPI,음식료·담배,437214096990.3766,8145608332.845188,True,False,True,False,True
A004000,롯데정밀화학,KOSPI,화학,1820190000000.0,8147965869.105691,True,False,True,False,True
A004020,현대제철,KOSPI,금속,7022420362938.524,31728484611.807377,True,False,True,False,True
A004060,SG세계물산,KOSPI,유통,187234036477.3984,4179326498.337399,True,False,True,False,True
A004150,한솔홀딩스,KOSPI,기타금융,225462872631.7623,616971645.5737705,True,False,True,False,True
A004170,신세계,KOSPI,유통,3294746310393.4424,26627008421.80328,True,False,True,False,True
A004310,현대약품,KOSPI,제약,216512903225.8065,9171782601.048388,True,False,True,False,True
A004360,세방,KOSPI,운송·창고,433380000555.9184,7857959455.918367,True,False,True,False,True
A004370,농심,KOSPI,음식료·담배,2469987126428.572,9552722719.987757,True,False,True,False,True
A004380,삼익THK,KOSPI,기계·장비,351728483606.5574,1371143963.442623,True,False,True,False,True
A004430,송원산업,KOSPI,화학,586116393442.6229,5327091876.639344,True,False,True,False,True
A004490,세방전지,KOSPI,전기·전자,1238232258064.516,16346168145.96774,True,True,True,False,True
A004690,삼천리,KOSPI,전기·가스,924850240653.0612,11467586113.061224,True,False,True,False,True
A004700,조광피혁,KOSPI,섬유·의류,373483153901.6129,255264189.11290324,True,False,True,False,True
A004800,효성,KOSPI,기타금융,2452203159104.4395,19867091986.07009,True,False,True,False,True
A004870,티웨이홀딩스,KOSPI,비금속,308862855907.66394,6760736931.762295,True,False,True,False,True
A004960,한신공영,KOSPI,건설,245550825104.8387,1691280204.637097,True,False,True,False,True
A004970,신라교역,KOSPI,"농업, 임업 및 어업",239380327868.85245,285983670.08196723,True,False,True,False,True
A004980,성신양회,KOSPI,비금속,281477405455.0,6534389354.512196,True,False,True,False,True
A004990,롯데지주,KOSPI,기타금융,5895579691914.14,11177902465.336063,True,False,True,False,True
A005070,코스모신소재,KOSPI,화학,4555736479110.204,86639439144.08163,True,False,True,False,True
A005180,빙그레,KOSPI,음식료·담배,683791537428.4519,8160655998.74477,True,False,True,False,True
A005250,녹십자홀딩스,KOSPI,일반서비스,1612527157844.758,24244961255.44355,True,False,True,False,True
A005290,동진쎄미켐,KOSDAQ,화학,1843919517139.3303,28642153258.3682,True,False,True,False,True
A005300,롯데칠성,KOSPI,음식료·담배,1521076892788.618,6466882586.788618,True,False,True,False,True
A005380,현대차,KOSPI,운송장비·부품,50017771653502.09,233840295621.76987,True,False,True,True,True
A005420,코스모화학,KOSPI,화학,1555980806984.4895,68404099029.18367,True,False,True,False,True
A005440,현대그린푸드,KOSPI,기타금융,1380596364916.3936,3468104234.020492,True,False,True,False,True
A005490,POSCO홀딩스,KOSPI,금속,36275362056551.02,548577457154.9265,True,True,True,False,True
A005500,삼진제약,KOSPI,제약,620635000000.0,2693304707.647541,True,False,True,False,True
A005610,SPC삼립,KOSPI,음식료·담배,1112081217270.4917,1984598318.5245905,True,False,True,False,True
A005680,삼영전자,KOSPI,전기·전자,262155737704.91803,1520073321.7213116,True,False,True,False,True
A005690,파미셀,KOSPI,제약,1053374790417.3387,114796399557.7016,True,False,True,False,True
A005720,넥센,KOSPI,화학,349872584465.1229,322037973.0942623,True,False,True,False,True
A005740,크라운해태홀딩스,KOSPI,기타금융,211835740318.15573,1605424652.172131,True,False,True,False,True
A005810,풍산홀딩스,KOSPI,기타금융,390067436748.1171,998361106.4853556,True,False,True,False,True
A005830,DB손해보험,KOSPI,보험,7277292050209.205,16532181196.686192,True,False,True,False,True
A005850,에스엘,KOSPI,운송장비·부품,1587975782711.297,5243707291.661088,True,False,True,False,True
A005880,대한해운,KOSPI,운송·창고,873600573853.2258,25207475860.04032,True,False,True,False,True
A005930,삼성전자,KOSPI,전기·전자,472541989217862.9,1504843613535.2783,True,False,True,False,True
A005940,NH투자증권,KOSPI,증권,4142065180259.163,8088392976.108787,True,False,True,True,True
A005950,이수화학,KOSPI,화학,589283968051.5178,58022812012.5,True,False,True,False,True
A005960,동부건설,KOSPI,건설,313865087567.1371,1788054386.8951614,True,False,True,False,True
A006040,동원산업,KOSPI,기타금융,1992066792874.4893,1892763398.7755103,True,False,True,False,True
A006060,화승인더,KOSPI,화학,519677429268.2927,2605086488.601626,True,False,True,False,True
A006120,SK디스커버리,KOSPI,기타금융,1029418273243.9517,5871138333.669354,True,False,True,False,True
A006220,제주은행,KOSPI,은행,434054491225.8776,27802395334.163265,True,False,True,False,True
A006260,LS,KOSPI,기타금융,3694336987447.698,46356001825.313805,True,False,True,False,True
A006280,녹십자,KOSPI,제약,3866571206633.065,62807929401.20968,True,False,True,False,True
A006360,GS건설,KOSPI,건설,3583630213268.952,32593199090.725807,True,False,True,False,True
A006380,카프로,KOSPI,화학,281206557377.0492,5651241154.303279,True,False,True,False,True
A006390,현대시멘트,KOSPI,비금속,682014120378.6008,17538500596.707817,True,False,True,False,True
A006400,삼성SDI,KOSPI,전기·전자,48656450501612.91,231269742699.5605,True,False,True,False,True
A006490,인스코비,KOSPI,통신,651449246759.3442,39919706498.81148,True,False,True,False,True
A006620,동구바이오제약,KOSDAQ,제약,276534614018.6916,11976404038.5514,True,False,True,False,True
A006650,대한유화,KOSPI,화학,1673356854838.7097,24398957324.59677,True,False,True,False,True
A006730,서부T&D,KOSDAQ,일반서비스,512854235956.7623,1744734033.9754095,True,False,True,False,True
A006800,미래에셋대우,KOSPI,증권,5973838972262.258,17766555455.685482,True,True,True,True,True
A006840,AK홀딩스,KOSPI,기타금융,916793658475.205,2036373690.7786884,True,True,True,False,True
A007070,GS리테일,KOSPI,유통,3115558131311.2905,12284603687.798388,True,False,True,False,True
A007110,일신석재,KOSPI,유통,214921626572.56097,17929674869.79675,True,False,True,False,True
A007160,사조산업,KOSPI,"농업, 임업 및 어업",313985655737.7049,901456142.0081968,True,False,True,False,True
A007210,벽산,KOSPI,비금속,252186072580.6452,12211566850.241936,True,True,True,False,True
A007310,오뚜기,KOSPI,음식료·담배,2635112379151.639,3710299285.840164,True,False,True,False,True
A007340,DN오토모티브,KOSPI,전기·전자,897610055793.1034,1748255449.0732758,True,False,True,False,True
A007390,네이처셀,KOSDAQ,제약,1137041066695.122,13030912864.634146,True,False,True,False,True
A007460,나라케이아이씨,KOSPI,금속,566443184530.7377,5505685287.459017,True,False,True,False,True
A007570,일양약품,KOSPI,제약,1040361083806.4517,84702884597.37903,True,False,True,False,True
A007660,이수페타시스,KOSPI,전기·전자,2416793862436.1924,122781792369.66528,True,False,True,False,True
A007690,국도화학,KOSPI,화학,467428717216.129,5432933051.008064,True,False,True,False,True
A007700,F&F,KOSPI,기타금융,1477934274193.5483,9056273468.891129,True,False,True,False,True
A007720,대명코퍼레이션,KOSDAQ,유통,276804645565.5738,1993773382.7254093,True,False,True,False,True
A007820,에스엠코어,KOSDAQ,기계·장비,263512506934.42624,2402559984.385246,True,False,True,False,True
A008040,사조동아원,KOSPI,음식료·담배,198846132172.1312,501586583.2581967,True,False,True,True,True
A008060,대덕전자,KOSPI,기타금융,810993459469.2683,6726371086.382113,True,True,True,True,True
A008350,남선알미늄,KOSPI,금속,541328084261.492,71996514003.87097,True,False,True,False,True
A008490,서흥,KOSPI,화학,594710720261.492,1667889320.1612904,True,False,True,False,True
A008700,아남전자,KOSPI,전기·전자,249386582408.60657,26363841980.245903,True,False,True,False,True
A008730,율촌화학,KOSPI,화학,897775183673.4694,4339453988.367347,True,False,True,False,True
A008770,호텔신라,KOSPI,유통,3817667946729.098,48535399032.241806,True,False,True,False,True
A008930,한미사이언스,KOSPI,기타금융,5159570958215.983,8252027562.295082,True,False,True,False,True
A008970,동양철관,KOSPI,금속,173460746856.12704,19748595145.45901,True,False,True,False,True
A009150,삼성전기,KOSPI,전기·전자,13624973466322.58,106105964730.39516,True,False,True,False,True
A009160,SIMPAC,KOSPI,금속,434186012597.7236,1579483989.4105692,True,False,True,False,True
A009240,한샘,KOSPI,유통,2535718049159.0166,10105184935.82377,True,False,True,False,True
A009270,신원,KOSPI,섬유·의류,187513150977.3387,27439253365.362904,True,False,True,False,True
A009290,광동제약,KOSPI,제약,449601802060.64514,1932663707.2580645,True,False,True,False,True
A009410,태영건설,KOSPI,건설,974255284552.8456,3750613482.113821,True,False,True,False,True
A009420,한올바이오파마,KOSPI,제약,1908608430628.8704,25104126600.627617,True,False,True,False,True
A009450,경동나비엔,KOSPI,전기·전자,901299049717.1548,4754713635.564854,True,False,True,False,True
A009460,한창제지,KOSPI,종이·목재,177748470590.97562,14316017994.085363,True,False,True,True,True
A009520,포스코엠텍,KOSDAQ,금속,932142161867.1428,91429279782.16328,True,False,True,False,True
A009540,HD한국조선해양,KOSPI,기타금융,11064266229758.996,47119855452.80753,True,False,True,False,True
A009580,무림P&P,KOSPI,종이·목재,469195112196.8033,3243267174.8565574,True,False,True,False,True
A009680,모토닉,KOSPI,운송장비·부품,396270120967.74194,1820668818.9112904,True,False,True,False,True
A009830,한화솔루션,KOSPI,화학,8081011569446.774,80409483826.20967,True,False,True,False,True
A009970,영원무역홀딩스,KOSPI,기타금융,1155351127009.205,1238034544.209205,True,False,True,False,True
A010060,OCI,KOSPI,기타금융,3031949031698.7705,35315821369.90164,True,False,True,False,True
A010120,LS ELECTRIC,KOSPI,전기·전자,4371552301255.23,95064437784.93724,True,False,True,False,True
A010130,고려아연,KOSPI,금속,13321020540267.783,64387825722.209206,True,False,True,False,True
A010140,삼성중공업,KOSPI,운송장비·부품,8399544769874.477,70238714484.51883,True,False,True,False,True
A010170,대한광통신,KOSDAQ,전기·전자,422458172021.0041,11829865149.057377,True,False,True,False,True
A010600,웰바이오텍,KOSPI,유통,152335500117.5347,17150763782.49796,True,False,True,False,True
A010620,현대미포조선,KOSPI,운송장비·부품,3574822335500.0,27680999978.03348,True,False,True,False,True
A010780,아이에스동서,KOSPI,비금속,1647939908008.4678,4669761496.975806,True,False,True,False,True
A010950,S-Oil,KOSPI,화학,13087841850977.049,32011842280.5082,True,False,True,False,True
A011040,경동제약,KOSDAQ,제약,339168574051.7742,9460354321.129032,True,True,True,False,True
A011070,LG이노텍,KOSPI,전기·전자,7950704835719.512,108479148849.80489,True,False,True,False,True
A011170,롯데케미칼,KOSPI,화학,12040715890551.23,57482188223.90164,True,False,True,False,True
A011200,HMM,KOSPI,운송·창고,12966312771397.49,42012765606.37238,True,False,True,False,True
A011210,현대위아,KOSPI,운송장비·부품,2296460272960.887,48789859547.58064,True,False,True,False,True
A011280,태림포장,KOSPI,종이·목재,390002571468.2927,10103652019.430897,True,False,True,False,True
A011320,유니크,KOSDAQ,운송장비·부품,152169170571.7742,4413482674.67742,True,False,True,True,True
A011370,서한,KOSDAQ,건설,222630308672.1312,1388187502.7459016,True,False,True,False,True
A011390,부산산업,KOSPI,비금속,147059160975.60974,5935811729.268292,True,False,True,False,True
A011690,유양디앤유,KOSPI,전기·전자,461835733157.7664,4555789851.4754095,True,False,True,False,True
A011760,현대상사,KOSPI,유통,359171848607.3771,15005745139.959017,True,False,True,False,True
A011780,금호석유,KOSPI,화학,6393853807457.661,98721198058.37904,True,False,True,False,True
A011790,SKC,KOSPI,화학,5716483223149.367,69118939241.18143,True,False,True,False,True
A011810,STX,KOSPI,유통,306686017326.4807,52874425527.66094,True,False,True,False,True
A011930,신성이엔지,KOSPI,전기·전자,558822935563.992,11933273264.919355,True,True,True,True,True
A012030,DB,KOSPI,IT 서비스,346266509759.59015,13568206039.14754,True,False,True,False,True
A012330,현대모비스,KOSPI,운송장비·부품,26709238019612.902,132433088052.30646,True,False,True,True,True
A012450,한화에어로스페이스,KOSPI,운송장비·부품,12197713576348.416,159570381063.02716,True,False,True,False,True
A012510,더존비즈온,KOSPI,IT 서비스,2946523802480.645,18897021513.10887,True,False,True,False,True
A012610,경인양행,KOSPI,화학,308088802309.1734,8044143954.758064,True,True,True,True,True
A012630,현대산업,KOSPI,기타금융,1709136234548.8423,15372450970.36111,True,False,True,False,True
A012750,에스원,KOSPI,일반서비스,3754195211837.3984,4687265911.073171,True,False,True,False,True
A013030,하이록코리아,KOSDAQ,금속,333340077997.4896,1465336437.0292888,True,False,True,False,True
A013120,동원개발,KOSDAQ,건설,517470690173.3871,1599739121.4112904,True,False,True,False,True
A013570,디와이,KOSPI,기타금융,196305945643.90244,11562199794.674795,True,False,True,False,True
A013580,계룡건설,KOSPI,건설,307178186147.7823,3584693526.209677,True,False,True,False,True
A013870,지엠비코리아,KOSPI,운송장비·부품,149113963567.2131,2980828146.0655737,True,False,True,False,True
A014620,성광벤드,KOSDAQ,금속,389582195918.3674,5015200751.755102,True,False,True,False,True
A014680,한솔케미칼,KOSPI,화학,3058679094002.016,17806108673.22984,True,False,True,False,True
A014790,한라,KOSPI,건설,211963927506.4113,2935329678.931452,True,False,True,False,True
A014820,동원시스템즈,KOSPI,화학,1536630958114.431,1831742890.4471543,True,False,True,False,True
A014830,유니드,KOSPI,화학,877154249640.4445,8330538868.444445,True,True,True,False,True
A014990,인디에프,KOSPI,섬유·의류,169704266923.0691,9222400296.626017,True,False,True,False,True
A015360,예스코홀딩스,KOSPI,일반서비스,258605020920.5021,340350696.8619247,True,False,True,False,True
A015750,성우하이텍,KOSDAQ,운송장비·부품,704533877551.0204,41195244794.14286,True,False,True,False,True
A015760,한국전력,KOSPI,전기·가스,20692159731908.81,46898800236.491806,True,False,True,False,True
A015860,일진홀딩스,KOSPI,기타금융,290240802936.6532,9407754243.44758,True,False,True,False,True
A015890,태경산업,KOSPI,화학,208484498214.2857,6712811045.755102,True,False,True,False,True
A016100,리더스코스메틱,KOSDAQ,종이·목재,305747933184.6312,3861760218.2377048,True,False,True,True,True
A016250,이테크건설,KOSDAQ,건설,343850327868.8525,1267089280.737705,True,False,True,False,True
A016360,삼성증권,KOSPI,증권,3969366995967.7417,19613563387.5,True,False,True,False,True
A016380,KG동부제철,KOSPI,금속,1451334758927.5403,9722757378.870968,True,False,True,False,True
A016450,한세예스24홀딩스,KOSPI,섬유·의류,361508196721.31146,763206900.5327868,True,False,True,False,True
A016580,환인제약,KOSPI,제약,401894914141.39343,2719873384.221312,True,False,True,False,True
A016590,신대양제지,KOSPI,종이·목재,355559460343.90247,219775080.4878049,True,False,True,False,True
A016610,DB금융투자,KOSPI,증권,281057566679.9395,1342466746.955645,True,False,True,False,True
A016800,퍼시스,KOSPI,기타제조,461717782426.7783,103854689.31380752,True,False,True,False,True
A016880,웅진,KOSPI,일반서비스,213169098851.332,2653864040.27459,True,False,True,False,True
A017390,서울가스,KOSPI,전기·가스,1252052845528.455,3085954788.617886,True,False,True,False,True
A017670,SK텔레콤,KOSPI,통신,21092830296797.32,100340742890.99107,True,True,True,True,True
A017800,현대엘리베이,KOSPI,기계·장비,2363758057830.081,37889072163.41464,True,False,True,False,True
A017810,풀무원,KOSPI,음식료·담배,687522384112.7017,2802667125.0,True,False,True,False,True
A017890,한국알콜,KOSDAQ,화학,291747456000.0,3050473256.25,True,False,True,False,True
A017940,E1,KOSPI,유통,482616786610.87866,1251712523.0125525,True,False,True,False,True
A017960,한국카본,KOSPI,금속,569337982860.9205,3666182400.07113,True,False,True,False,True
A018120,진로발효,KOSDAQ,음식료·담배,235084913114.7541,66813236.2704918,True,False,True,False,True
A018250,애경산업,KOSPI,화학,1484407547919.7368,20145250991.03157,True,False,True,False,True
A018260,삼성에스디에스,KOSPI,IT 서비스,17221000209836.066,31122304040.70901,True,False,True,False,True
A018290,브이티,KOSDAQ,화학,980950767799.958,37014352912.5523,True,False,True,False,True
A018310,삼목에스폼,KOSDAQ,금속,299119167364.0167,1098324201.004184,True,False,True,False,True
A018670,SK가스,KOSPI,유통,1584771102371.548,2352492297.07113,True,False,True,False,True
A018880,한온시스템,KOSPI,기계·장비,8660905000000.0,23484757805.278225,True,False,True,False,True
A019170,신풍제약,KOSPI,제약,3767745546967.7417,157784049833.87097,True,False,True,False,True
A019210,와이지-원,KOSDAQ,금속,428051250331.1475,4028110834.549181,True,False,True,False,True
A019680,대교,KOSPI,일반서비스,637274389116.8032,455370950.22131145,True,True,True,True,True
A020000,한섬,KOSPI,섬유·의류,975169233870.9678,4197919120.362903,True,False,True,False,True
A020150,일진머티리얼즈,KOSPI,전기·전자,3848860241602.823,44213638108.46774,True,False,True,False,True
A020560,아시아나항공,KOSPI,운송·창고,1390162041289.6553,25477617432.51232,True,False,True,False,True
A021240,코웨이,KOSPI,일반서비스,6446548594501.2295,16514095810.213116,True,True,True,True,True
A021320,KCC건설,KOSDAQ,건설,212421750000.0,970588755.282258,True,False,True,False,True
A022100,포스코DX,KOSPI,일반서비스,5820099348549.163,40765317765.94142,True,True,True,False,True
A023160,태광,KOSDAQ,금속,456577693877.551,3745966097.061225,True,False,True,False,True
A023410,유진기업,KOSDAQ,비금속,505040522994.9795,12620960075.963116,True,False,True,False,True
A023530,롯데쇼핑,KOSPI,유통,6115339975545.082,21722119577.987705,True,False,True,False,True
A023590,다우기술,KOSPI,IT 서비스,1157233073799.1936,6314648219.758064,True,False,True,False,True
A023900,풍국주정,KOSDAQ,음식료·담배,248380040322.58063,12005781353.024193,True,False,True,False,True
A023910,대한약품,KOSDAQ,제약,262440983606.55737,1223195454.5081968,True,False,True,False,True
A024110,기업은행,KOSPI,은행,10986493203773.598,17709010997.22594,True,False,True,False,True
A024720,한국콜마홀딩스,KOSPI,기타금융,715422521055.3279,3998572380.713114,True,False,True,False,True
A024810,이화전기,KOSDAQ,전기·전자,171865440474.65573,9069119583.668034,True,False,True,False,True
A025000,KPX케미칼,KOSPI,화학,305373254098.36066,255091561.68032783,True,False,True,False,True
A025320,시노펙스,KOSDAQ,전기·전자,732548351623.3473,39457502704.51883,True,False,True,False,True
A025540,한국단자,KOSPI,전기·전자,841716782258.0646,6321863948.790322,True,False,True,False,True
A025620,제이준코스메틱,KOSPI,화학,482595499397.7459,16369350961.885246,True,False,True,True,True
A025770,한국정보통신,KOSDAQ,통신,432638010927.2951,1629779859.6311476,True,False,True,False,True
A025860,남해화학,KOSPI,화학,679964911435.4098,10738605786.065577,True,False,True,False,True
A025900,동화기업,KOSDAQ,종이·목재,1491008853925.8064,15805777924.193548,True,True,True,False,True
A025980,아난티,KOSDAQ,일반서비스,1286091413250.2034,66604377197.35773,True,True,True,False,True
A026890,디피씨,KOSPI,기타금융,577841007229.8387,43932839353.30645,True,False,True,False,True
A026960,동서,KOSPI,유통,3176530443548.387,6516685707.66129,True,False,True,False,True
A027050,코리아나,KOSDAQ,화학,247897540983.60657,3776861122.7459016,True,False,True,False,True
A027410,BGF,KOSPI,기타금융,841866667857.9098,4238436852.336066,True,False,True,False,True
A028050,삼성엔지니어링,KOSPI,일반서비스,5671800000000.0,27170990608.72653,True,False,True,False,True
A028100,동아지질,KOSPI,건설,232634247967.47968,4831250979.552846,True,False,True,False,True
A028260,삼성물산,KOSPI,유통,25396299372288.703,53695230163.35146,True,False,True,False,True
A028300,HLB,KOSDAQ,제약,10172311475042.05,201486061547.5565,True,True,True,False,True
A028670,팬오션,KOSPI,운송·창고,3478581768006.452,58819079046.75404,True,False,True,False,True
A029460,케이씨,KOSPI,의료·정밀기기,347038179803.2258,1816645610.080645,True,False,True,False,True
A029530,신도리코,KOSPI,전기·전자,558264229063.5245,614001265.5737705,True,False,True,False,True
A029780,삼성카드,KOSPI,기타금융,4513867241012.343,3221207462.3430963,True,False,True,False,True
A029960,코엔텍,KOSDAQ,전기·가스·수도,504932926829.2683,4029187176.077236,True,False,True,False,True
A030000,제일기획,KOSPI,일반서비스,2912647405152.439,6172937424.325203,True,False,True,False,True
A030190,NICE평가정보,KOSDAQ,IT 서비스,1345029117258.0645,3052909952.975806,True,False,True,False,True
A030200,KT,KOSPI,통신,9865433677823.225,27390306095.92887,True,True,True,True,True
A030210,KTB투자증권,KOSPI,증권,366408108900.0,5923392295.887096,True,False,True,False,True
A030520,한글과컴퓨터,KOSDAQ,IT 서비스,537813847648.1855,20428527018.34677,True,True,True,False,True
A030530,원익홀딩스,KOSDAQ,화학,467546725914.2137,3408548507.782258,True,False,True,False,True
A030610,교보증권,KOSPI,증권,589767859824.456,197917041.0669456,True,False,True,False,True
A031330,에스에이엠티,KOSDAQ,유통,388650181779.4355,9753073788.10484,True,False,True,False,True
A031430,신세계인터내셔날,KOSPI,유통,1593380975609.756,12073239534.552843,True,False,True,False,True
A031440,신세계푸드,KOSPI,일반서비스,487219880196.7213,2104072805.737705,True,False,True,False,True
A031980,피에스케이홀딩스,KOSDAQ,기계·장비,986547235669.456,20238715885.77406,True,False,True,False,True
A032190,다우데이타,KOSDAQ,유통,919203126530.6124,13421089123.87755,True,False,True,False,True
A032350,롯데관광개발,KOSPI,일반서비스,1317201291846.3708,13353267793.548388,True,False,True,False,True
A032500,케이엠더블유,KOSDAQ,전기·전자,2586667467380.4434,76040093263.30646,True,True,True,True,True
A032620,유비케어,KOSDAQ,IT 서비스,460070424009.6976,35462553062.68145,True,True,True,False,True
A032640,LG유플러스,KOSPI,통신,6412013608357.992,32248765707.41804,True,False,True,False,True
A032830,삼성생명,KOSPI,보험,20784754098360.656,24202141129.70492,True,False,True,False,True
A033160,엠케이전자,KOSDAQ,전기·전자,347586423706.4516,17560590558.064518,True,False,True,False,True
A033180,필룩스,KOSPI,전기·전자,617802310428.9344,67429583968.83197,True,True,True,False,True
A033240,자화전자,KOSPI,전기·전자,608743921212.0408,5830249766.922449,True,False,True,False,True
A033270,유나이티드제약,KOSPI,제약,848346526961.2903,22800322008.467743,True,False,True,False,True
A033290,코웰패션,KOSDAQ,유통,623926649700.0,7072917495.040322,True,True,True,True,True
A033500,동성화인텍,KOSDAQ,화학,367608456912.80334,3217984019.037657,True,False,True,False,True
A033530,세종공업,KOSPI,운송장비·부품,271441487495.92743,6899237652.943548,True,False,True,False,True
A033640,네패스,KOSDAQ,전기·전자,884543550267.742,17035235756.25,True,False,True,True,True
A033780,KT&G,KOSPI,음식료·담배,14107479275751.64,30039770834.02869,True,False,True,True,True
A033920,무학,KOSPI,음식료·담배,448039856557.3771,555149823.1557378,True,False,True,False,True
A034020,두산에너빌리티,KOSPI,기계·장비,11599195466258.912,131406175221.71548,True,False,True,False,True
A034120,SBS,KOSPI,오락·문화,747383874909.7561,2430827833.943089,True,False,True,False,True
A034220,LG디스플레이,KOSPI,전기·전자,8117577079303.278,54122813817.52049,True,False,True,False,True
A034230,파라다이스,KOSDAQ,오락·문화,1850049758222.951,23670930486.61476,True,False,True,False,True
A034310,NICE,KOSPI,일반서비스,761072346239.8374,1028683530.5894308,True,True,True,False,True
A034730,SK,KOSPI,기타금융,19697134455651.64,25822247712.643444,True,False,True,False,True
A034830,한국토지신탁,KOSPI,기타금융,719423564832.1721,1586271731.430328,True,False,True,True,True
A034950,한국기업평가,KOSDAQ,일반서비스,388219439557.25806,442405309.8064516,True,False,True,False,True
A035150,백산,KOSPI,화학,287279274686.19244,1748049501.757322,True,False,True,False,True
A035250,강원랜드,KOSPI,오락·문화,6628459373475.609,10461722588.845528,True,False,True,False,True
A035420,NAVER,KOSPI,IT 서비스,63964706201612.91,306707776928.66534,True,False,True,False,True
A035510,신세계 I&C,KOSPI,IT 서비스,313261935483.871,3402144816.532258,True,False,True,False,True
A035600,KG이니시스,KOSDAQ,IT 서비스,578780717954.0322,9606247350.201612,True,False,True,False,True
A035720,카카오,KOSPI,IT 서비스,54059466674340.81,459413529782.1551,True,True,True,False,True
A035760,CJ ENM,KOSDAQ,오락·문화,4073700286288.6177,12597373894.654472,True,False,True,False,True
A035810,이지바이오,KOSDAQ,음식료·담배,416430807504.71313,9359093816.290983,True,False,True,False,True
A035890,서희건설,KOSDAQ,건설,426517083015.9677,3980796685.665323,True,False,True,False,True
A035900,JYP Ent.,KOSDAQ GLOBAL,오락·문화,3545608522450.6123,51665246245.46123,True,True,True,False,True
A036030,KTH,KOSDAQ,유통,402833356742.7016,19818362393.26613,True,False,True,False,True
A036190,금화피에스시,KOSDAQ,건설,212052049180.32788,99413595.69672132,True,False,True,False,True
A036420,제이콘텐트리,KOSPI,오락·문화,840888794044.3549,16993947978.225807,True,False,True,False,True
A036460,한국가스공사,KOSPI,전기·가스,4939918329098.36,13827673742.75,True,False,True,False,True
A036530,SNT홀딩스,KOSPI,기타금융,356235133903.2636,530932949.330544,True,False,True,False,True
A036540,SFA반도체,KOSDAQ,전기·전자,1191203216434.9597,47982008760.16129,True,False,True,False,True
A036570,엔씨소프트,KOSPI,IT 서비스,17565430707056.451,142474896234.52823,True,False,True,False,True
A036580,팜스코,KOSPI,음식료·담배,410070494082.1312,812652526.0245901,True,False,True,False,True
A036630,세종텔레콤,KOSDAQ,통신,396665809331.0645,22555650689.637096,True,False,True,False,True
A036800,나이스정보통신,KOSDAQ,통신,319540322580.64514,1194826029.5362904,True,False,True,False,True
A036830,솔브레인홀딩스,KOSDAQ GLOBAL,일반서비스,1165268193881.1716,18424671634.309624,True,False,True,False,True
A036890,진성티이씨,KOSDAQ,기계·장비,285578289640.80646,5966766878.830646,True,False,True,False,True
A036930,주성엔지니어링,KOSDAQ GLOBAL,기계·장비,1504685303430.544,30227053795.18829,True,False,True,False,True
A037460,삼지전자,KOSDAQ,전기·전자,218970877062.90323,3841499816.330645,True,False,True,False,True
A037560,CJ헬로,KOSPI,오락·문화,705909130163.9344,3768123612.581968,True,False,True,False,True
A037710,광주신세계,KOSPI,유통,341809836065.5738,207465739.7540984,True,False,True,False,True
A037950,엘컴텍,KOSDAQ,전기·전자,180693463912.7459,6083849607.4754095,True,False,True,False,True
A038290,마크로젠,KOSDAQ,일반서비스,403799659402.2541,11922526247.7459,True,False,True,False,True
A038500,삼표시멘트,KOSDAQ,비금속,552393925382.7822,12639469876.673388,True,False,True,False,True
A038540,텍셀네트컴,KOSDAQ,IT 서비스,1013763046060.041,13768195916.188524,True,False,True,False,True
A039030,이오테크닉스,KOSDAQ GLOBAL,기계·장비,2211049947594.142,34867826647.280334,True,False,True,False,True
A039130,하나투어,KOSPI,일반서비스,1032033650715.7258,14923805782.661291,True,False,True,False,True
A039200,오스코텍,KOSDAQ,제약,1167656021544.2258,18838861386.527195,True,False,True,False,True
A039490,키움증권,KOSPI,증권,3229970041873.64,8088697778.075314,True,False,True,False,True
A039560,다산네트웍스,KOSDAQ,전기·전자,339513948817.8226,4642803566.370968,True,True,True,False,True
A039570,HDC랩스,KOSPI,건설,235313039374.22763,271581261.3821138,True,False,True,False,True
A039840,디오,KOSDAQ,의료·정밀기기,631881944976.6129,6116388858.387096,True,False,True,False,True
A040350,큐로컴,KOSDAQ,IT 서비스,258959820395.40323,3833073476.25,True,False,True,False,True
A041190,우리기술투자,KOSDAQ,금융,689297903225.8064,87066135470.34274,True,False,True,False,True
A041510,에스엠,KOSDAQ,오락·문화,2607823883086.1226,72694741032.71837,True,True,True,False,True
A041830,인바디,KOSDAQ,의료·정밀기기,449529063022.1312,4661075804.590164,True,False,True,False,True
A041960,코미팜,KOSDAQ,제약,1670944748096.3115,7809508165.778688,True,False,True,False,True
A042000,카페24,KOSDAQ,IT 서비스,1210732613477.88,22535906776.60829,True,False,True,False,True
A042520,한스바이오메드,KOSDAQ,제약,275684667257.78687,3166864941.3934426,True,True,True,False,True
A042660,한화오션,KOSPI,운송장비·부품,9079916479771.129,70165420118.20084,True,False,True,False,True
A042670,두산인프라코어,KOSPI,기계·장비,1975996152495.9424,23609697621.57377,True,False,True,False,True
A042700,한미반도체,KOSPI,기계·장비,10828260881122.176,202311905493.72385,True,False,True,False,True
A043150,바텍,KOSDAQ,의료·정밀기기,511342667011.3821,1597717904.0813007,True,False,True,False,True
A043610,지니뮤직,KOSDAQ,오락·문화,344117208939.7177,18422224849.697582,True,False,True,False,True
A044340,위닉스,KOSDAQ,전기·전자,394015329909.2742,3697586510.887097,True,False,True,False,True
A044450,KSS해운,KOSPI,운송·창고,268409283008.0645,2920311621.774194,True,True,True,True,True
A044490,태웅,KOSDAQ,금속,327735660323.36066,1762260419.6311476,True,False,True,False,True
A044820,코스맥스비티아이,KOSPI,기타금융,293492283330.1229,1034452995.9016392,True,False,True,False,True
A045100,한양이엔지,KOSDAQ,일반서비스,321869372384.93726,2209489914.8535566,True,False,True,False,True
A045390,대아티아이,KOSDAQ,전기·전자,445989887716.8293,23262414091.382114,True,False,True,False,True
A046210,파나진,KOSDAQ,제약,238955485847.541,1760781010.204918,True,False,True,False,True
A046440,KG모빌리언스,KOSDAQ,IT 서비스,397453269193.5484,9768900393.588709,True,True,True,False,True
A046890,서울반도체,KOSDAQ,전기·전자,1202059014057.377,12589794928.983606,True,True,True,True,True
A047040,대우건설,KOSPI,건설,2821139209289.032,34394610548.4879,True,False,True,False,True
A047050,포스코인터내셔널,KOSPI,유통,9156744311469.455,63538766438.49372,True,False,True,False,True
A047310,파워로직스,KOSDAQ,전기·전자,341248980403.252,12457842022.195122,True,False,True,False,True
A047810,한국항공우주,KOSPI,운송장비·부품,5238614055950.628,38892029644.14226,True,False,True,False,True
A048410,현대바이오,KOSDAQ,화학,1236432786177.6208,118441935665.3226,True,False,True,False,True
A048530,인트론바이오,KOSDAQ,제약,784709559703.629,12150982243.951612,True,False,True,False,True
A048550,SM C&C,KOSDAQ,일반서비스,363968553488.61786,12828590197.378048,True,False,True,False,True
A049070,인탑스,KOSDAQ,전기·전자,554644065040.6504,11022845021.95122,True,False,True,False,True
A049180,셀루메드,KOSDAQ,제약,318140728892.8125,14386374199.270834,True,False,True,False,True
A049770,동원F&B,KOSPI,음식료·담배,1010101982877.0492,2032916485.6557376,True,False,True,False,True
A049950,미래컴퍼니,KOSDAQ,기계·장비,827911407229.5082,5930656633.811476,True,False,True,False,True
A049960,쎌바이오텍,KOSDAQ,제약,359688688524.59015,2576137177.147541,True,False,True,False,True
A051370,인터플렉스,KOSDAQ,전기·전자,470257471433.60657,10149524597.336063,True,False,True,False,True
A051500,CJ프레시웨이,KOSDAQ,유통,422891470314.22766,2956217433.5365853,True,False,True,False,True
A051600,한전KPS,KOSPI,건설,1751319037656.9038,8398820671.757322,True,False,True,False,True
A051900,LG생활건강,KOSPI,화학,22893505831564.52,57464624056.395164,True,False,True,False,True
A051910,LG화학,KOSPI,화학,58735960487987.91,297215124731.7016,True,True,True,False,True
A052020,에스티큐브,KOSDAQ,유통,660037907769.3877,9746968666.367348,True,False,True,False,True
A052260,SK바이오랜드,KOSDAQ,화학,397170362903.2258,57285556465.52419,True,False,True,False,True
A052330,코텍,KOSDAQ,전기·전자,242675775609.8361,1554346216.852459,True,False,True,False,True
A052400,코나아이,KOSDAQ,IT 서비스,570326371511.6936,5126288127.0161295,True,False,True,False,True
A052690,한전기술,KOSPI,일반서비스,2662722146341.4634,33875651792.276424,True,False,True,False,True
A052710,아모텍,KOSDAQ,전기·전자,321829891338.93445,7146536671.721312,True,False,True,False,True
A053030,바이넥스,KOSDAQ,제약,671759608845.1613,56900712321.16936,True,False,True,False,True
A053210,스카이라이프,KOSPI,오락·문화,614149678521.7213,1029647578.6885246,True,False,True,False,True
A053800,안랩,KOSDAQ,IT 서비스,856673083231.7073,50181724590.650406,True,False,True,False,True
A053950,경남제약,KOSDAQ,제약,166073756424.70587,15715182014.117647,True,False,True,False,True
A054050,농우바이오,KOSDAQ,"농업, 임업 및 어업",233189690765.0,2448782388.2377048,True,False,True,False,True
A054670,대한뉴팜,KOSDAQ,제약,193350771021.31143,2780965013.52459,True,False,True,False,True
A054780,키이스트,KOSDAQ,오락·문화,262821664849.1936,10902543980.040323,True,False,True,False,True
A054950,제이브이엠,KOSDAQ,기계·장비,303530143770.3766,2731618806.317992,True,False,True,False,True
A055550,신한지주,KOSPI,기타금융,25242982109831.8,88273145060.20084,True,False,True,False,True
A056190,에스에프에이,KOSDAQ,기계·장비,1481396917626.0164,6920696931.199187,True,True,True,True,True
A057050,현대홈쇼핑,KOSPI,유통,1296432786885.2458,3448262654.7131147,True,False,True,False,True
A058470,리노공업,KOSDAQ GLOBAL,전기·전자,3286019002255.23,35674420582.58996,True,True,True,True,True
A058650,세아홀딩스,KOSPI,금속,518795081967.21313,72964831.96721311,True,False,True,False,True
A058820,CMG제약,KOSDAQ,제약,628854236437.9839,7357170896.1088705,True,False,True,False,True
A059090,미코,KOSDAQ,전기·전자,465564106304.2339,8341148043.75,True,False,True,False,True
A060150,인선이엔티,KOSDAQ,일반서비스,581827876393.1451,6905219318.991936,True,False,True,False,True
A060250,NHN한국사이버결제,KOSDAQ,금융,1264739019878.6292,8148051200.28629,True,True,True,True,True
A060280,큐렉소,KOSDAQ,유통,570988153429.2653,31266029545.877552,True,False,True,False,True
A060570,아이리버,KOSDAQ,오락·문화,398580910698.81146,7876310545.901639,True,False,True,False,True
A060590,씨티씨바이오,KOSDAQ,제약,238312341433.4694,4458918534.204082,True,False,True,False,True
A060720,KH바텍,KOSDAQ,전기·전자,522629920102.621,15564173325.806452,True,False,True,False,True
A060980,한라홀딩스,KOSPI,기타금융,509887015200.0,1299616111.4754095,True,False,True,False,True
A061970,엘비세미콘,KOSDAQ,전기·전자,587596286670.9678,10413142172.379032,True,False,True,False,True
A063080,컴투스홀딩스,KOSDAQ,IT 서비스,532729314772.3577,26401570046.747967,True,False,True,True,True
A063170,서울옥션,KOSDAQ,유통,382668357530.8943,8115180571.544716,True,False,True,False,True
A063570,한국전자금융,KOSDAQ,일반서비스,409606099517.582,5946613578.483606,True,False,True,False,True
A064240,홈캐스트,KOSDAQ,유통,296729351732.78687,8575688640.942623,True,False,True,False,True
A064260,다날,KOSDAQ,IT 서비스,566576123570.7317,21758420328.61789,True,False,True,False,True
A064350,현대로템,KOSPI,운송장비·부품,4752781530298.954,102108756218.82845,True,False,True,False,True
A064550,바이오니아,KOSDAQ,제약,1073866127789.796,47811991822.44898,True,False,True,False,True
A064760,티씨케이,KOSDAQ,비금속,1899903820564.516,8834252158.778225,True,False,True,False,True
A064960,S&T모티브,KOSPI,운송장비·부품,862585183012.9032,5446320169.334678,True,False,True,True,True
A065060,지엔코,KOSDAQ,섬유·의류,228067530094.1804,8861005261.59836,True,False,True,False,True
A065660,안트로젠,KOSDAQ,유통,741311483811.0656,16849236643.64754,True,False,True,False,True
A066570,LG전자,KOSPI,전기·전자,24070415867681.453,247622085328.1371,True,False,True,False,True
A066700,테라젠이텍스,KOSDAQ,제약,404277669113.4836,16983075303.442623,True,False,True,False,True
A066970,엘앤에프,KOSDAQ GLOBAL,전기·전자,7982566652613.062,224405737570.1061,True,False,True,False,True
A067080,대화제약,KOSDAQ,제약,472889525164.3442,7586384933.196721,True,False,True,False,True
A067160,아프리카TV,KOSDAQ,IT 서비스,1455186517346.3708,18926004844.866936,True,False,True,True,True
A067170,오텍,KOSDAQ,운송장비·부품,196795323768.1452,4050443607.2580647,True,False,True,False,True
A067280,멀티캠퍼스,KOSDAQ,일반서비스,270198481646.34143,337434414.53252035,True,False,True,False,True
A067290,JW신약,KOSDAQ,제약,350304508035.40985,9375954733.196722,True,False,True,False,True
A067370,선바이오,KOSDAQ,제약,126182777916.93878,1018661297.1836736,True,False,True,False,True
A067390,아스트,KOSDAQ,운송장비·부품,245498009183.9754,2704899586.2295084,True,False,True,False,True
A067630,HLB생명과학,KOSDAQ,제약,1345477534359.8325,29681127137.6318,True,False,True,False,True
A068240,다원시스,KOSDAQ,전기·전자,792467060651.0162,5791344820.121951,True,False,True,True,True
A068270,셀트리온,KOSPI,제약,40185651856252.72,141575391907.80753,True,False,True,False,True
A068760,셀트리온제약,KOSDAQ,제약,5402979230164.919,61787684497.58064,True,False,True,False,True
A069080,웹젠,KOSDAQ,IT 서비스,1124893705814.516,20270327613.70968,True,False,True,False,True
A069260,휴켐스,KOSPI,화학,1071932072422.1312,2830799989.9180326,True,True,True,False,True
A069460,대호에이엘,KOSPI,금속,133335826952.1371,3632521393.5080647,True,False,True,False,True
A069620,대웅제약,KOSPI,제약,2164291483862.7048,13361823497.95082,True,False,True,False,True
A069960,현대백화점,KOSPI,유통,2298110115035.656,10042422600.07787,True,False,True,False,True
A070960,용평리조트,KOSPI,일반서비스,363000292568.1148,4594104851.311476,True,False,True,False,True
A071050,한국금융지주,KOSPI,기타금융,5191909782070.968,34657530480.370964,True,False,True,False,True
A071200,인피니트헬스케어,KOSDAQ,IT 서비스,187337801359.42624,4507171332.786885,True,False,True,False,True
A071320,지역난방공사,KOSPI,전기·가스,800679638373.7705,701723828.6885246,True,False,True,False,True
A071840,롯데하이마트,KOSPI,유통,1632758705908.1968,3912150445.184426,True,False,True,False,True
A071970,STX중공업,KOSPI,기계·장비,511045107500.5021,10437611149.807531,True,False,True,False,True
A072020,중앙백신,KOSDAQ,제약,189124609756.0976,4706609521.747968,True,False,True,False,True
A072710,농심홀딩스,KOSPI,기타금융,437927122217.21313,349004867.6229508,True,False,True,False,True
A073240,금호타이어,KOSPI,화학,1608303039063.3264,3460737369.8953977,True,False,True,False,True
A073490,이노와이어리스,KOSDAQ,전기·전자,331165956315.3226,14161509110.887096,True,False,True,False,True
A074430,아미노로직스,KOSDAQ,제약,243205988375.0,10756057667.036291,True,False,True,False,True
A074600,원익QnC,KOSDAQ GLOBAL,비금속,761774543933.0544,11942705333.807531,True,False,True,False,True
A074610,이엔플러스,KOSPI,기계·장비,451702593908.2857,36887166546.5102,True,False,True,False,True
A075580,세진중공업,KOSPI,운송장비·부품,409650281884.8536,5029924945.774058,True,False,True,False,True
A077500,유니퀘스트,KOSPI,유통,312055471784.2742,3537953349.354839,True,False,True,False,True
A077970,STX엔진,KOSPI,기계·장비,367767004897.0711,4994776798.117155,True,False,True,False,True
A078020,이베스트투자증권,KOSDAQ,금융,456084464681.85486,1795296429.4758065,True,False,True,False,True
A078070,유비쿼스홀딩스,KOSDAQ,금융,551509061704.0322,6466077926.814516,True,False,True,False,True
A078150,HB테크놀러지,KOSDAQ,기계·장비,252735828361.94144,25984822331.32636,True,True,True,False,True
A078160,메디포스트,KOSDAQ,제약,802842247215.9836,19682056831.557377,True,False,True,False,True
A078340,컴투스,KOSDAQ,IT 서비스,1999963707172.131,17277556206.442623,True,True,True,True,True
A078520,에이블씨엔씨,KOSPI,화학,370287154379.5082,3396024318.672131,True,False,True,True,True
A078600,대주전자재료,KOSDAQ,전기·전자,1549069748748.1172,29516050500.0,True,True,True,False,True
A078930,GS,KOSPI,기타금융,5305087283070.492,10185896108.2459,True,False,True,False,True
A079160,CJ CGV,KOSPI,오락·문화,1277015858195.9016,10886391152.983606,True,False,True,False,True
A079430,현대리바트,KOSPI,기타제조,488411483731.9672,2004733025.204918,True,False,True,False,True
A079550,LIG넥스원,KOSPI,금속,4075918828451.883,57854583101.25523,True,False,True,False,True
A079980,휴비스,KOSPI,화학,337880201612.9032,3297078025.564516,True,False,True,False,True
A080160,모두투어,KOSDAQ,일반서비스,559203750000.0,5840205845.778688,True,False,True,True,True
A080420,모다이노칩,KOSDAQ,유통,367660437721.9672,793104299.3442622,True,True,True,False,True
A081000,일진다이아,KOSPI,화학,608030505151.2097,8153226502.0161295,True,False,True,False,True
A081660,휠라코리아,KOSPI,유통,3879043054768.293,34704062946.150406,True,False,True,False,True
A082270,젬백스,KOSDAQ,기계·장비,993543360670.3628,26480005818.34677,True,True,True,False,True
A082640,동양생명,KOSPI,보험,1122569691927.9712,1080670199.0163934,True,False,True,False,True
A082740,HSD엔진,KOSPI,기계·장비,1038718152360.0,13467050443.456066,True,False,True,False,True
A082920,비츠로셀,KOSDAQ,전기·전자,430803704431.2553,2266470071.25523,True,False,True,True,True
A083640,인콘,KOSDAQ,유통,249778190950.0453,7553052227.262444,True,False,True,False,True
A083790,크리스탈,KOSDAQ,일반서비스,706762057628.8934,11192012781.762297,True,False,True,False,True
A084110,휴온스글로벌,KOSDAQ,제약,600167090133.2661,20152622761.89516,True,False,True,False,True
A084370,유진테크,KOSDAQ,기계·장비,1016594432545.9678,11255277968.963709,True,True,True,True,True
A084680,이월드,KOSPI,기타제조,391810843409.6774,10476836918.528225,True,False,True,False,True
A084690,대상홀딩스,KOSPI,기타금융,384661844173.0645,1674125993.8709676,True,False,True,False,True
A084990,바이로메드,KOSDAQ,일반서비스,3519061590688.5244,71354278783.91394,True,False,True,False,True
A085310,엔케이,KOSPI,금속,136646967683.27869,5011733107.143442,True,False,True,False,True
A085620,미래에셋생명,KOSPI,보험,909652125209.5188,936096539.623431,True,False,True,False,True
A085660,차바이오텍,KOSDAQ,제약,1197135530529.5083,51821850451.22951,True,False,True,False,True
A086280,현대글로비스,KOSPI,운송·창고,7553096234309.623,24515975129.79498,True,False,True,False,True
A086390,유니테스트,KOSDAQ,기계·장비,525847733450.0,8255618052.0161295,True,False,True,True,True
A086450,동국제약,KOSDAQ,제약,1161212733870.9678,4498749589.112904,True,False,True,False,True
A086520,에코프로,KOSDAQ,금융,17593032934302.855,689761556820.0,True,False,True,False,True
A086790,하나금융지주,KOSPI,기타금융,17128206428771.129,71262008764.12134,True,False,True,False,True
A086820,바이오솔루션,KOSDAQ,제약,303406358448.31464,14100075934.83146,True,False,True,False,True
A086890,이수앱지스,KOSDAQ,제약,406142981895.9274,39608492576.895164,True,False,True,False,True
A086900,메디톡스,KOSDAQ,제약,3642783039227.459,24511386325.48361,True,True,True,True,True
A086980,쇼박스,KOSDAQ,오락·문화,306050895161.29034,40898747838.366936,True,False,True,False,True
A087010,펩트론,KOSDAQ,제약,1086806023774.0586,64799795043.93305,True,False,True,False,True
A088260,이리츠코크렙,KOSPI,부동산,372923611125.0,747920913.9112903,True,False,True,False,True
A088350,한화생명,KOSPI,보험,4822868779918.033,6517263090.229508,True,False,True,False,True
A088800,에이스테크,KOSDAQ,전기·전자,771324748435.6854,11826456067.741936,True,True,True,True,True
A088980,맥쿼리인프라,KOSPI,기타금융,5395132198715.481,9832152577.966528,False,False,False,False,False
A089030,테크윙,KOSDAQ,기계·장비,1357534611625.1045,46346872696.12971,True,False,True,True,True
A089590,제주항공,KOSPI,운송·창고,1072666040850.0,4317296245.594262,True,True,True,False,True
A089600,나스미디어,KOSDAQ,일반서비스,494141311152.0492,2456338362.4016395,True,False,True,False,True
A089980,상아프론테크,KOSDAQ,화학,873697556562.5,18632315806.45161,True,False,True,False,True
A090350,노루페인트,KOSPI,화학,228354838709.67743,8956307088.870968,True,False,True,False,True
A090360,로보스타,KOSDAQ,기계·장비,296366173469.38776,20379430974.69388,True,False,True,False,True
A090430,아모레퍼시픽,KOSPI,화학,15793974618954.918,55332662545.88934,True,False,True,False,True
A090460,비에이치,KOSDAQ,전기·전자,869864395271.7479,17094084641.86992,True,False,True,False,True
A091090,세원셀론텍,KOSPI,금속,270950343648.6885,7180295637.684426,True,False,True,False,True
A091120,이엠텍,KOSDAQ,전기·전자,621184315079.1837,8599848928.979591,True,False,True,False,True
A091580,상신이디피,KOSDAQ,전기·전자,255721013823.67343,10461141731.34694,True,False,True,False,True
A091700,파트론,KOSDAQ,전기·전자,695394722160.9756,11423642060.894308,True,False,True,False,True
A091810,티웨이항공,KOSPI,운송·창고,598834367306.8619,11736826317.02929,True,False,True,False,True
A092040,아미코젠,KOSDAQ,음식료·담배,682998706369.758,8802296518.346775,True,False,True,False,True
A092130,이크레더블,KOSDAQ,IT 서비스,254811981370.9677,195617765.04435483,True,False,True,False,True
A092200,디아이씨,KOSPI,운송장비·부품,195885690274.3265,4829842804.428572,True,False,True,True,True
A092230,KPX홀딩스,KOSPI,화학,276070395182.25806,663376534.6774193,True,False,True,False,True
A092730,네오팜,KOSDAQ,화학,387223194518.90247,2336462342.0731707,True,False,True,False,True
A093050,LF,KOSPI,섬유·의류,803213213114.7542,2005684568.9262288,True,False,True,False,True
A093370,후성,KOSPI,화학,1620351901106.9106,35410859970.12195,True,True,True,False,True
A094800,맵스리얼티1,KOSPI,기타금융,426118937589.496,371160608.42741936,False,False,False,False,False
A095190,이엠코리아,KOSDAQ,금속,224506571936.26016,11134246515.46748,True,False,True,True,True
A095270,웨이브일렉트로,KOSDAQ,의료·정밀기기,267144113240.57376,1222574159.0163934,True,True,True,True,True
A095570,AJ네트웍스,KOSPI,일반서비스,301218672803.35364,976281070.9390244,True,False,True,False,True
A095610,테스,KOSDAQ,기계·장비,590886623045.9678,11768367743.75,True,False,True,False,True
A095660,네오위즈,KOSDAQ,IT 서비스,824249951048.5714,11543727719.387754,True,True,True,True,True
A095700,제넥신,KOSDAQ,일반서비스,2345824732291.3306,115124602993.34676,True,False,True,False,True
A096530,씨젠,KOSDAQ,제약,4018565265241.936,383894448391.129,True,False,True,False,True
A096760,JW홀딩스,KOSPI,기타금융,503083915828.5656,2812913537.9098363,True,False,True,False,True
A096770,SK이노베이션,KOSPI,화학,23472644412911.29,240454580891.0161,True,False,True,False,True
A097230,한진중공업,KOSPI,건설,682325282109.8387,1610134953.3064516,True,False,True,False,True
A097520,엠씨넥스,KOSDAQ,전기·전자,878948032058.4678,18026825574.19355,True,False,True,False,True
A097780,에스맥,KOSDAQ,운송장비·부품,378432034863.0887,56876807560.625,True,True,True,False,True
A097950,CJ제일제당,KOSPI,음식료·담배,6391685653076.613,25044931139.28629,True,False,True,False,True
A098460,고영,KOSDAQ,기계·장비,1577495717926.9387,7053583984.502041,True,True,True,False,True
A099190,아이센스,KOSDAQ,의료·정밀기기,591989825075.1837,13712314350.204082,True,False,True,False,True
A100120,뷰웍스,KOSDAQ,의료·정밀기기,376745046597.561,1242753721.5447154,True,False,True,False,True
A100130,동국S&C,KOSDAQ,금속,349063084637.0968,4210392199.495968,True,False,True,False,True
A100250,진양홀딩스,KOSPI,화학,198385115439.5122,745039585.8130082,True,False,True,False,True
A100590,머큐리,KOSDAQ,전기·전자,156740220000.0,10920467251.747969,True,False,True,False,True
A100700,세운메디칼,KOSDAQ,제약,228348120967.742,14091796135.96774,True,False,True,False,True
A101530,해태제과식품,KOSPI,음식료·담배,388666614454.4262,407062955.4918033,True,False,True,False,True
A102260,동성코퍼레이션,KOSPI,일반서비스,277196623261.6803,760767708.954918,True,False,True,False,True
A102460,이연제약,KOSPI,제약,685800942791.5322,59203883165.52419,True,False,True,False,True
A102710,이엔에프테크놀로지,KOSDAQ,화학,523195957301.6129,7835165794.556452,True,True,True,False,True
A102940,코오롱생명과학,KOSDAQ,제약,889782365781.9672,7149368161.065574,True,False,True,False,True
A103140,풍산,KOSPI,금속,1568157689968.6191,24841872083.38912,True,False,True,False,True
A104480,티케이케미칼,KOSDAQ,화학,501464245156.4516,27943029962.197582,True,False,True,False,True
A104700,한국철강,KOSPI,금속,431146838709.6774,2184362887.096774,True,False,True,False,True
A104830,원익머트리얼즈,KOSDAQ,화학,439424387096.7742,3241274534.677419,True,False,True,False,True
A105560,KB금융,KOSPI,기타금융,31339461856106.28,125531849727.89958,True,False,True,False,True
A105630,한세실업,KOSPI,섬유·의류,872403225806.4517,8587621921.100806,True,False,True,False,True
A108230,톱텍,KOSDAQ,기계·장비,853394502484.7788,13193016158.40708,True,False,True,False,True
A108320,LX세미콘,KOSDAQ,전기·전자,1770435170040.6504,21294244626.5122,True,False,True,False,True
A108490,로보티즈,KOSDAQ,기계·장비,364335026120.2041,22564132801.469387,True,False,True,False,True
A108670,LG하우시스,KOSPI,화학,741337029322.5807,8937540458.870968,True,False,True,False,True
A110790,크리스에프앤씨,KOSDAQ,섬유·의류,416152273137.0968,2497464456.229839,True,False,True,False,True
A111710,남화산업,KOSDAQ,오락·문화,255423195645.1613,2657266673.629032,True,False,True,False,True
A111770,영원무역,KOSPI,유통,2195940706728.9795,4780583137.032653,True,False,True,False,True
A111870,삼본정밀전자,KOSDAQ,전기·전자,161156998809.5122,9506264404.53252,True,False,True,False,True
A112040,위메이드,KOSDAQ,IT 서비스,2497980204066.6665,87483694965.33333,True,True,True,True,True
A112610,씨에스윈드,KOSPI,금속,2964597455154.4355,41641192806.04839,True,True,True,False,True
A114090,GKL,KOSPI,오락·문화,1576774545284.8362,7245729055.2254095,True,False,True,False,True
A115180,큐리언트,KOSDAQ,일반서비스,290848756960.989,2342872960.4395604,True,False,True,False,True
A115450,지트리비앤티,KOSDAQ,유통,846401112779.9181,11147364857.786884,True,False,True,False,True
A117580,대성에너지,KOSPI,전기·가스,327526117886.17883,36090001602.60162,True,False,True,False,True
A117670,알파홀딩스,KOSDAQ,전기·전자,194570616389.1393,16557469765.532787,True,True,True,False,True
A119610,인터로조,KOSDAQ,의료·정밀기기,433845725172.2449,2463375890.714286,True,True,True,True,True
A120110,코오롱인더,KOSPI,화학,1911547441147.5808,30967999991.532257,True,False,True,False,True
A121440,골프존뉴딘홀딩스,KOSDAQ,유통,348650243534.8387,2855678791.08871,True,False,True,False,True
A121600,나노신소재,KOSDAQ,화학,1515673474573.8774,49673161576.408165,True,True,True,True,True
A121800,비덴트,KOSDAQ,전기·전자,597289399147.7017,102301435706.41129,True,False,True,False,True
A122450,KMH,KOSDAQ,오락·문화,454802895789.4355,7102934789.798388,True,False,True,False,True
A122870,와이지엔터테인먼트,KOSDAQ,오락·문화,1212055823576.3264,35051365333.67347,True,False,True,False,True
A122900,아이마켓코리아,KOSPI,유통,367117384758.53656,1114647823.5569105,True,False,True,False,True
A122990,와이솔,KOSDAQ,전기·전자,403535322373.98376,7266488014.430894,True,False,True,False,True
A123420,선데이토즈,KOSDAQ,IT 서비스,272452225120.082,7121935810.655738,True,False,True,False,True
A123690,한국화장품,KOSPI,유통,237282214426.22952,4315415109.959017,True,False,True,False,True
A123860,아나패스,KOSDAQ,전기·전자,284294653327.8455,844046232.9268292,True,False,True,False,True
A123890,한국자산신탁,KOSPI,기타금융,563059306923.7295,866898561.5573771,True,False,True,False,True
A126560,현대퓨처넷,KOSPI,통신,502931231576.85486,7553999750.181452,True,False,True,False,True
A128820,대성산업,KOSPI,유통,220723177857.541,886419600.9016393,True,True,True,True,True
A128940,한미약품,KOSPI,제약,5427958222471.312,28057825746.62295,True,False,True,False,True
A136480,하림,KOSDAQ,음식료·담배,329365618135.2301,4660201628.74477,True,False,True,False,True
A136490,선진,KOSPI,음식료·담배,371281121115.0,3846221053.830645,True,False,True,False,True
A137940,넥스트아이,KOSDAQ,의료·정밀기기,197737718062.5,1066192216.7213116,True,False,True,False,True
A138040,메리츠금융지주,KOSPI,기타금융,16405108995564.854,30008451941.6318,True,False,True,False,True
A138490,코오롱플라스틱,KOSPI,화학,425823983739.8374,6857343681.056911,True,False,True,False,True
A138930,BNK금융지주,KOSPI,기타금융,3004869166084.18,9048476639.40164,True,False,True,False,True
A139130,DGB금융지주,KOSPI,기타금융,1782055333749.0574,5935114502.569673,True,True,True,False,True
A139480,이마트,KOSPI,유통,6670832005407.787,22873532778.56148,True,False,True,False,True
A140410,메지온,KOSDAQ,일반서비스,1477487559578.2258,26032721115.725807,True,True,True,True,True
A140860,파크시스템스,KOSDAQ,의료·정밀기기,1262135984243.5146,5959971106.460251,True,False,True,False,True
A141080,레고켐바이오,KOSDAQ GLOBAL,일반서비스,2815284969709.6235,79825416451.88284,True,False,True,False,True
A142760,바이오리더스,KOSDAQ,일반서비스,234119178658.19672,11988267163.52459,True,False,True,False,True
A143160,아이디스,KOSDAQ,전기·전자,287610918201.2195,6102862720.121951,True,False,True,False,True
A143240,사람인에이치알,KOSDAQ,IT 서비스,462872741100.0,1313782260.0846777,True,False,True,False,True
A144510,녹십자랩셀,KOSDAQ,일반서비스,1147726022568.1453,33056696174.59677,True,False,True,False,True
A145020,휴젤,KOSDAQ GLOBAL,제약,2780738375751.4644,20480723148.93724,True,False,True,False,True
A145720,덴티움,KOSPI,의료·정밀기기,1434633315244.898,11811793804.257145,True,False,True,False,True
A145990,삼양사,KOSPI,음식료·담배,804337875406.9672,1167397236.8852458,True,False,True,True,True
A151910,나노스,KOSDAQ,전기·전자,2464383122643.709,2668807471.4344263,True,False,True,False,True
A161000,애경케미칼,KOSPI,화학,695043112652.2041,41924076447.44898,True,False,True,False,True
A161390,한국타이어,KOSPI,화학,5915339155575.41,12610529376.061476,True,False,True,False,True
A161890,한국콜마,KOSPI,화학,1616130713815.1638,9547109237.856558,True,False,True,False,True
A166090,하나머티리얼즈,KOSDAQ,전기·전자,913971645050.0,5588774066.666667,True,False,True,False,True
A166480,코아스템켐온,KOSDAQ,제약,364492585283.3473,2478251637.4476986,True,False,True,False,True
A168330,내츄럴엔도텍,KOSDAQ,일반서비스,401980397352.8688,7765584948.155738,True,False,True,False,True
A168490,한국패러랠,KOSPI,기타금융,202996638114.7541,81361472.74590164,False,False,False,False,False
A170900,동아에스티,KOSPI,제약,866911856070.4918,4618514193.032787,True,False,True,False,True
A171120,라이온켐텍,KOSDAQ,화학,173969054075.81967,420086171.352459,True,False,True,False,True
A174900,앱클론,KOSDAQ,제약,388549380645.1613,25547954324.39516,True,False,True,False,True
A175250,아이큐어,KOSDAQ,제약,381090841091.5323,11560760129.637096,True,False,True,False,True
A175330,JB금융지주,KOSPI,기타금융,2817460887332.9707,6874673907.083682,True,False,True,False,True
A178320,서진시스템,KOSDAQ,전기·전자,1298519462348.6382,22348787268.51915,True,False,True,False,True
A178920,PI첨단소재,KOSDAQ,화학,1456066317697.984,15131356462.903225,True,False,True,False,True
A180640,한진칼,KOSPI,기타금융,4720623871451.046,7229846451.234309,True,False,True,False,True
A181710,NHN,KOSPI,IT 서비스,1495683048266.1292,9908937249.326612,True,False,True,False,True
A182400,엔케이맥스,KOSDAQ,제약,665109945767.8862,7875028355.487804,True,False,True,False,True
A183190,아세아시멘트,KOSPI,비금속,478619363845.082,3336690546.311476,True,False,True,False,True
A183300,코미코,KOSDAQ GLOBAL,기계·장비,691337414164.0167,8359605858.778243,True,False,True,False,True
A183490,엔지켐생명과학,KOSDAQ,제약,762298361295.1613,16734566346.370968,True,False,True,False,True
A185490,아이진,KOSDAQ,일반서비스,445519899142.3387,32568262090.5242,True,False,True,False,True
A185750,종근당,KOSPI,제약,1600099436449.5967,22216776778.225807,True,False,True,False,True
A187420,제노포커스,KOSDAQ,제약,196656762458.87097,3307247326.693548,True,False,True,False,True
A191420,테고사이언스,KOSDAQ,제약,403794912132.3771,8438145463.729508,True,False,True,False,True
A192080,더블유게임즈,KOSPI,IT 서비스,1147035696423.3872,14592098109.879032,True,False,True,False,True
A192400,쿠쿠홀딩스,KOSPI,기타금융,894498819663.0082,877913062.1504065,True,False,True,False,True
A192440,슈피겐코리아,KOSDAQ,기타제조,384412559687.1951,5063577232.520326,True,False,True,False,True
A192820,코스맥스,KOSPI,화학,1567476414116.318,19538367765.635983,True,False,True,False,True
A194370,제이에스코퍼레이션,KOSPI,섬유·의류,255387601102.03253,2058379810.7723577,True,True,True,True,True
A195870,해성디에스,KOSPI,전기·전자,903114634146.3414,14190165893.495935,True,False,True,False,True
A196170,알테오젠,KOSDAQ GLOBAL,일반서비스,13012079728517.154,281425022538.0753,True,False,True,False,True
A196490,디에이테크놀로지,KOSDAQ,기계·장비,160856129882.4597,6794102452.379032,True,False,True,False,True
A199800,툴젠,KOSDAQ,일반서비스,509911190211.9919,2138941290.2439024,True,False,True,True,True
A200130,콜마비앤에이치,KOSDAQ,제약,1333712952825.0,8457407133.467742,True,False,True,False,True
A200230,텔콘,KOSDAQ,제약,845811662063.5245,44489953968.81148,True,False,True,False,True
A200670,휴메딕스,KOSDAQ,제약,362090980065.6904,3969088819.456067,True,False,True,False,True
A200780,비씨월드제약,KOSDAQ,제약,206245647160.4508,1757601276.6393442,True,True,True,False,True
A201490,미투온,KOSDAQ,IT 서비스,236333946623.77048,5275376761.372951,True,False,True,False,True
A203690,프로스테믹스,KOSDAQ,종이·목재,364930296938.8525,18537520718.360657,True,False,True,False,True
A204320,만도,KOSPI,운송장비·부품,3011693349677.4194,43905164054.258064,True,False,True,False,True
A206640,바디텍메드,KOSDAQ,제약,504183500912.621,31274313701.572582,True,False,True,False,True
A206650,유바이오로직스,KOSDAQ,제약,1256921136515.1208,48321569126.814514,True,False,True,False,True
A207940,삼성바이오로직스,KOSPI,제약,61996723188284.52,78006651491.27197,True,False,True,False,True
A208340,파멥신,KOSDAQ,제약,494779476933.3333,50385353211.11112,True,False,True,False,True
A210540,디와이파워,KOSPI,기계·장비,207206248671.31143,4137394986.885246,True,False,True,False,True
A210980,SK디앤디,KOSPI,부동산,729646028287.0968,3920598615.806452,True,False,True,False,True
A213420,덕산네오룩스,KOSDAQ,전기·전자,1250397671252.8225,14698830827.661291,True,False,True,False,True
A213500,한솔제지,KOSPI,종이·목재,415222507855.7377,2142081573.770492,True,False,True,False,True
A214150,클래시스,KOSDAQ GLOBAL,의료·정밀기기,2888459984782.218,13199718239.85774,True,False,True,False,True
A214180,민앤지,KOSDAQ,IT 서비스,258475238214.6552,2651351091.064656,True,False,True,False,True
A214320,이노션,KOSPI,일반서비스,1369544715447.1543,3169626144.528456,True,False,True,False,True
A214370,케어젠,KOSDAQ,제약,1965699282127.66,12018980910.212769,True,False,True,False,True
A214390,경보제약,KOSPI,제약,308120233826.2295,1319930852.0081968,True,False,True,False,True
A214420,토니모리,KOSPI,화학,275047362295.082,2470796696.5983605,True,False,True,False,True
A214450,파마리서치,KOSDAQ GLOBAL,제약,1601798249718.4102,29264660885.28033,True,True,True,False,True
A215000,골프존,KOSDAQ,IT 서비스,895976203097.561,5772162339.02439,True,False,True,False,True
A215200,메가스터디교육,KOSDAQ,일반서비스,987342387219.5122,5348052028.077236,True,False,True,False,True
A215360,우리산업,KOSDAQ,운송장비·부품,291138221936.6803,5707216058.196721,True,False,True,False,True
A215600,신라젠,KOSDAQ,일반서비스,5782566498707.377,215470191962.29507,True,False,True,True,True
A217270,넵튠,KOSDAQ,IT 서비스,759056329181.0483,13270623370.96774,True,False,True,False,True
A217480,에스디생명공학,KOSDAQ,화학,316417811207.86884,6604396088.483606,True,False,True,False,True
A217730,강스템바이오텍,KOSDAQ,제약,329647705687.1545,6444415148.98374,True,False,True,False,True
A218410,RFHIC,KOSDAQ,전기·전자,921484188659.879,9428108579.838709,True,True,True,False,True
A222040,뉴트리바이오텍,KOSDAQ,음식료·담배,448494145081.9672,4599871664.778688,True,False,True,False,True
A222800,심텍,KOSDAQ,전기·전자,1320354227350.0,29027980177.23577,True,False,True,True,True
A225570,넥슨게임즈,KOSDAQ,IT 서비스,1140796927571.2654,17244016966.530613,True,False,True,False,True
A226320,잇츠한불,KOSPI,화학,1050423175924.1804,4316570626.024591,True,False,True,False,True
A226950,올릭스,KOSDAQ,일반서비스,585684725467.742,8920780930.040323,True,False,True,False,True
A227610,아우딘퓨쳐스,KOSDAQ,화학,179923360655.7377,2719693828.2786884,True,False,True,False,True
A227840,현대코퍼레이션홀딩스,KOSPI,유통,181759360293.44263,3681694131.352459,True,False,True,False,True
A228760,지노믹트리,KOSDAQ,일반서비스,477900295478.7448,10234096041.213388,True,False,True,False,True
A228850,레이언스,KOSDAQ,의료·정밀기기,307239740815.5738,851995583.4016393,True,False,True,False,True
A229640,LS에코에너지,KOSPI,기타금융,794944976298.5774,30947246992.84519,True,False,True,False,True
A230240,에치에프알,KOSDAQ,전기·전자,425025790336.5854,5911900077.235772,True,False,True,False,True
A230360,에코마케팅,KOSDAQ,일반서비스,766177935273.1854,5622560442.33871,True,True,True,False,True
A232140,와이아이케이,KOSDAQ,기계·장비,958128343587.866,87384718553.76569,True,True,True,True,True
A234080,JW생명과학,KOSPI,제약,395770222450.4149,2930424258.157676,True,False,True,False,True
A236200,슈프리마,KOSDAQ,전기·전자,237586191303.62903,6882612914.112904,True,False,True,False,True
A237690,에스티팜,KOSDAQ,제약,1913308206451.6128,36849514744.51613,True,False,True,False,True
A237880,클리오,KOSDAQ,화학,544808193907.28033,3767464947.5732217,True,False,True,False,True
A238090,앤디포스,KOSDAQ,화학,263158091711.47177,42961277302.1371,True,False,True,False,True
A239610,에이치엘사이언스,KOSDAQ,음식료·담배,368416091463.4146,3507831394.9187,True,False,True,False,True
A240810,원익IPS,KOSDAQ,기계·장비,2288447820594.9595,26925624505.58871,True,False,True,False,True
A241560,두산밥캣,KOSPI,기계·장비,4780228038108.98,20706876434.19184,True,False,True,False,True
A241590,화승엔터프라이즈,KOSPI,섬유·의류,1007594548448.992,5025266147.379032,True,False,True,False,True
A241690,유니테크노,KOSDAQ,운송장비·부품,203537359283.2661,3110648822.193548,True,False,True,False,True
A241710,코스메카코리아,KOSDAQ,화학,627181882845.1882,11797371472.384935,True,False,True,False,True
A243070,휴온스,KOSDAQ,제약,687263769820.9016,5163514240.065574,True,False,True,False,True
A243840,신흥에스이씨,KOSDAQ,전기·전자,433118714461.492,10401786603.25,True,False,True,False,True
A245620,EDGC,KOSDAQ,일반서비스,452861536068.3871,72080561947.31854,True,False,True,False,True
A249420,일동제약,KOSPI,제약,1050477475329.2684,161328379260.5691,True,False,True,False,True
A251270,넷마블게임즈,KOSPI,IT 서비스,11707695458109.016,40736729965.30738,True,False,True,False,True
A253450,스튜디오드래곤,KOSDAQ,오락·문화,2824724296096.7744,18199124897.70161,True,False,True,False,True
A255440,야스,KOSDAQ,기계·장비,291020262295.082,1288560531.147541,True,True,True,True,True
A260930,씨티케이코스메틱스,KOSDAQ,화학,305946162397.5409,997279864.5491804,True,False,True,False,True
A263050,유틸렉스,KOSDAQ,제약,582822474093.6992,8196837267.886179,True,False,True,False,True
A263720,디앤씨미디어,KOSDAQ,오락·문화,513705970887.7016,6458754847.580646,True,False,True,False,True
A263750,펄어비스,KOSDAQ,IT 서비스,5273464611428.571,72169725971.9796,True,True,True,True,True
A264450,유비쿼스,KOSDAQ,전기·전자,228043388161.6936,1710316300.201613,True,False,True,False,True
A265520,AP시스템,KOSDAQ,기계·장비,402947669452.4194,7670929371.774194,True,False,True,False,True
A267250,현대로보틱스,KOSPI,기타금융,6432012243254.099,21216205860.032787,True,False,True,False,True
A267260,HD현대일렉트릭,KOSPI,전기·전자,9247990520391.213,123891921976.49371,True,False,True,False,True
A267270,현대건설기계,KOSPI,기계·장비,1366311903190.5735,12559107134.221312,True,False,True,False,True
A267290,경동도시가스,KOSPI,전기·가스,193587105586.4754,413836467.4180328,True,False,True,False,True
A267980,매일유업,KOSDAQ,음식료·담배,674744176243.9025,1527377127.2357724,True,False,True,False,True
A268280,미원에스씨,KOSPI,화학,966460365853.6586,232909217.4796748,True,False,True,False,True
A268600,셀리버리,KOSDAQ,일반서비스,1470010808486.492,36047315287.09677,True,False,True,False,True
A271560,오리온,KOSPI,음식료·담배,4939725018063.674,11437638001.702042,True,False,True,False,True
A271980,제일약품,KOSPI,제약,671484935235.4839,53877941068.951614,True,False,True,False,True
A272290,이녹스첨단소재,KOSDAQ,전기·전자,773830471102.8456,11781140961.585363,True,False,True,False,True
A272450,진에어,KOSPI,운송·창고,913652419354.8387,8092370371.975806,True,False,True,False,True
A272550,삼양패키징,KOSPI,화학,373213626348.3871,1223907650.141129,True,False,True,False,True
A280360,롯데웰푸드,KOSPI,음식료·담배,1308504358430.9624,2924818268.2008367,True,False,True,False,True
A281820,케이씨텍,KOSPI,의료·정밀기기,764261794757.3221,8648862267.991632,True,False,True,False,True
A282330,BGF리테일,KOSPI,유통,3402891948365.853,5042590607.869919,True,False,True,False,True
A284740,쿠쿠홈시스,KOSPI,일반서비스,952229428427.4192,2924422324.395161,True,False,True,False,True
A285130,SK케미칼,KOSPI,화학,3283246587741.9355,71283448010.8871,True,False,True,False,True
A286940,롯데정보통신,KOSPI,IT 서비스,643261833635.1626,2875175342.276423,True,False,True,False,True
A288620,에스퓨얼셀,KOSDAQ,전기·전자,228805678949.1936,3171124123.790323,True,False,True,False,True
A290380,대유,KOSDAQ,화학,190187071914.8936,30469408165.957447,True,False,True,False,True
A290650,엘앤씨바이오,KOSDAQ,제약,756606102541.5322,6726448640.524194,True,False,True,False,True
A290670,대보마그네틱,KOSDAQ,전기·전자,429025922865.8536,8588306051.626017,True,False,True,False,True
A293480,하나제약,KOSPI,제약,392850000000.0,26021736857.37705,True,False,True,False,True
A294870,HDC현대산업개발,KOSPI,건설,2237279239625.0,17375998998.0,True,False,True,False,True
A298000,효성화학,KOSPI,화학,1001532339653.2258,22144018477.822582,True,False,True,False,True
A298020,효성티앤씨,KOSPI,화학,2713317011354.839,45454092173.3871,True,False,True,False,True
A298040,효성중공업,KOSPI,전기·전자,2970087021133.054,42114865407.37238,True,False,True,False,True
A298050,효성첨단소재,KOSPI,화학,2185591405427.42,55285858766.12904,True,False,True,False,True
A298380,에이비엘바이오,KOSDAQ,제약,1316389463419.6653,39593803658.07532,True,False,True,False,True
A298690,에어부산,KOSPI,운송·창고,384759653877.551,2617214758.5306125,True,False,True,False,True
A299910,베스파,KOSDAQ,IT 서비스,206724790936.8421,8979292086.842106,True,False,True,False,True
A300720,한일시멘트,KOSPI,비금속,1146193676951.0205,5974656673.265306,True,True,True,False,True
A306200,세아제강,KOSPI,금속,406640100406.5041,4429791474.390244,True,False,True,True,True
A900100,뉴프라이드,KOSDAQ,유통,272229092749.3621,36866069156.44033,True,False,True,False,True
A900300,오가닉티코스메틱,KOSDAQ,금융,173684240778.68854,1566185194.918033,True,False,True,False,True
A950110,SBI핀테크솔루션즈,KOSDAQ,IT 서비스,301110477512.1951,1133942796.6666667,True,False,True,False,True
A950160,티슈진(Reg.S),KOSDAQ,제약,2627974699129.098,22887517161.68033,True,False,True,False,True
A950170,JTC,KOSDAQ,유통,374146397034.8045,9054337320.55866,True,False,True,False,True
