﻿stockcode,dartcode,name,market,gics,2020_배당,2020_자사주,2021_배당,2021_자사주,최근2년_활동
000020,00119195,동화약품,KOSPI,제약,True,False,True,True,True
000050,00101628,경방,KOSPI,섬유·의류,True,False,True,False,True
000070,00126937,삼양홀딩스,KOSPI,기타금융,True,False,True,False,True
000080,00150244,하이트진로,KOSPI,음식료·담배,True,False,True,False,True
000100,00145109,유한양행,KOSPI,제약,True,False,True,False,True
000120,00113410,CJ대한통운,KOSPI,운송·창고,True,True,True,False,True
000140,00148993,하이트진로홀딩스,KOSPI,기타금융,True,False,True,False,True
000150,00117212,두산,KOSPI,일반서비스,True,False,True,False,True
000210,00109693,DL,KOSPI,건설,True,False,True,False,True
000240,00160047,한국앤컴퍼니,KOSPI,기타금융,True,True,True,False,True
000250,00128546,삼천당제약,KOSDAQ,제약,True,False,True,False,True
000270,00106641,기아,KOSPI,운송장비·부품,True,False,True,True,True
000370,00135917,한화손해보험,KOSPI,보험,True,True,True,False,True
000390,NaN,삼화페인트,NaN,화학,True,True,True,True,True
000400,00113562,롯데손해보험,KOSPI,보험,True,False,True,False,True
000430,00111847,대원강업,KOSPI,운송장비·부품,True,False,True,False,True
000480,NaN,CR홀딩스,NaN,비금속,True,False,True,False,True
000640,00116824,동아쏘시오홀딩스,KOSPI,기타금융,True,False,True,False,True
000660,00164779,SK하이닉스,KOSPI,전기·전자,True,False,True,True,True
000670,00141307,영풍,KOSPI,금속,True,False,True,False,True
000720,00164478,현대건설,KOSPI,건설,True,False,True,False,True
000810,NaN,삼성화재,NaN,보험,True,False,True,False,True
000880,00160588,한화,KOSPI,화학,True,False,True,False,True
000990,00160843,DB하이텍,KOSPI,전기·전자,True,True,True,True,True
001040,00148540,CJ,KOSPI,기타금융,True,False,True,False,True
001060,00149947,JW중외제약,KOSPI,제약,True,False,True,False,True
001120,00120076,LX인터내셔널,KOSPI,유통,True,False,True,False,True
001130,00113243,대한제분,KOSPI,음식료·담배,True,False,True,False,True
001200,NaN,유진투자증권,NaN,증권,True,False,True,False,True
001230,00114792,동국홀딩스,KOSPI,금속,True,True,True,False,True
001360,00126414,삼성제약,KOSPI,제약,True,False,True,False,True
001390,00101220,KG케미칼,KOSPI,화학,True,False,True,False,True
001430,00106669,세아베스틸지주,KOSPI,금속,True,False,True,False,True
001440,00113207,대한전선,KOSPI,전기·전자,True,False,True,False,True
001450,00164973,현대해상,KOSPI,보험,True,True,True,False,True
001470,00125974,삼부토건,KOSPI,건설,True,False,True,False,True
001500,00137997,현대차증권,KOSPI,증권,True,False,True,False,True
001510,00131850,SK증권,KOSPI,증권,True,False,True,False,True
001520,00117337,동양,KOSPI,비금속,True,False,True,False,True
001530,NaN,DI동일,NaN,유통,True,False,True,False,True
001570,00106119,금양,KOSPI,화학,True,True,True,False,True
001630,00149354,종근당홀딩스,KOSPI,기타금융,True,False,True,False,True
001680,00121941,대상,KOSPI,음식료·담배,True,False,True,False,True
001720,00136721,신영증권,KOSPI,증권,True,True,True,True,True
001740,00131780,SK네트웍스,KOSPI,유통,True,False,True,False,True
001780,00117027,알루코,KOSPI,금속,True,False,True,False,True
001800,00117577,오리온홀딩스,KOSPI,기타금융,True,False,True,False,True
001820,NaN,삼화콘덴서,NaN,전기·전자,True,False,True,False,True
001940,00159740,KISCO홀딩스,KOSPI,기타금융,True,False,True,False,True
002020,00152862,코오롱,KOSPI,기타금융,True,False,True,False,True
002100,00101433,경농,KOSPI,화학,True,False,True,False,True
002150,00114552,도화엔지니어링,KOSPI,일반서비스,True,False,True,False,True
002210,00116268,동성제약,KOSPI,제약,True,False,True,False,True
002240,00103006,고려제강,KOSPI,금속,True,False,True,False,True
002310,00138729,아세아제지,KOSPI,종이·목재,True,False,True,False,True
002320,00163512,한진,KOSPI,운송·창고,True,False,True,False,True
002350,00173874,넥센타이어,KOSPI,화학,True,False,True,False,True
002380,NaN,KCC,NaN,화학,True,False,True,False,True
002390,00161046,한독,KOSPI,제약,True,False,True,False,True
002620,00148443,제일파마홀딩스,KOSPI,일반서비스,True,False,True,False,True
002780,00150828,진흥기업,KOSPI,건설,True,False,True,False,True
002790,NaN,아모레G,NaN,기타금융,True,False,True,False,True
002810,00127167,삼영무역,KOSPI,유통,True,True,True,False,True
002840,00121932,미원상사,KOSPI,화학,True,False,True,True,True
002960,00158149,한국쉘석유,KOSPI,화학,True,False,True,False,True
002990,00106313,금호건설,KOSPI,건설,True,False,True,False,True
003000,00123718,부광약품,KOSPI,제약,True,False,True,False,True
003060,00101044,에이프로젠바이오로직스,KOSPI,제약,True,False,True,False,True
003070,00152880,코오롱글로벌,KOSPI,건설,True,True,True,False,True
003090,00111810,대웅,KOSPI,기타금융,True,False,True,True,True
003220,00111999,대원제약,KOSPI,제약,True,False,True,False,True
003230,00126955,삼양식품,KOSPI,음식료·담배,True,False,True,False,True
003240,00153393,태광산업,KOSPI,화학,True,False,True,False,True
003300,00162993,한일홀딩스,KOSPI,일반서비스,True,False,True,False,True
003380,00148364,하림지주,KOSDAQ,금융,True,False,True,False,True
003470,00117601,유안타증권,KOSPI,증권,True,False,True,False,True
003490,00113526,대한항공,KOSPI,운송·창고,True,False,True,False,True
003520,00141149,영진약품,KOSPI,제약,True,False,True,False,True
003530,00148610,한화투자증권,KOSPI,증권,True,False,True,False,True
003540,00110893,대신증권,KOSPI,증권,True,True,True,True,True
003550,00120021,LG,KOSPI,기타금융,True,False,True,True,True
003620,00138242,KG모빌리티,KOSPI,운송장비·부품,True,False,True,False,True
003670,00155276,포스코퓨처엠,KOSPI,비금속,True,False,True,False,True
003690,00113191,코리안리,KOSPI,보험,True,False,True,False,True
003800,00140052,에이스침대,KOSDAQ,기타제조,True,False,True,False,True
003850,00123143,보령,KOSPI,제약,True,False,True,False,True
004000,00157681,롯데정밀화학,KOSPI,화학,True,False,True,False,True
004020,00145880,현대제철,KOSPI,금속,True,True,True,False,True
004170,00136378,신세계,KOSPI,유통,True,False,True,False,True
004310,00164706,현대약품,KOSPI,제약,True,False,True,False,True
004370,00108241,농심,KOSPI,음식료·담배,True,False,True,False,True
004380,00127802,삼익THK,KOSPI,기계·장비,True,False,True,False,True
004430,00134963,송원산업,KOSPI,화학,True,False,True,False,True
004490,00133858,세방전지,KOSPI,전기·전자,True,True,True,True,True
004690,00128555,삼천리,KOSPI,전기·가스,True,False,True,False,True
004700,00148939,조광피혁,KOSPI,기타제조,True,False,True,False,True
004710,00157399,한솔테크닉스,KOSPI,전기·전자,True,False,True,False,True
004800,00117188,효성,KOSPI,화학,True,False,True,False,True
004990,00120562,롯데지주,KOSPI,기타금융,True,False,True,True,True
005070,00129989,코스모신소재,KOSPI,화학,True,False,True,False,True
005090,00125150,SGC에너지,KOSPI,전기·가스,True,False,True,False,True
005180,00124726,빙그레,KOSPI,음식료·담배,True,False,True,False,True
005250,00108135,녹십자홀딩스,KOSPI,일반서비스,True,False,True,False,True
005290,00118804,동진쎄미켐,KOSDAQ,반도체,True,False,True,False,True
005300,NaN,롯데칠성,NaN,음식료·담배,True,True,True,False,True
005380,NaN,현대차,NaN,운송장비·부품,True,True,True,True,True
005390,00136341,신성통상,KOSPI,유통,True,False,True,False,True
005420,00160302,코스모화학,KOSPI,화학,True,False,True,False,True
005440,00105280,현대지에프홀딩스,KOSPI,유통,True,False,True,False,True
005490,00155319,POSCO홀딩스,KOSPI,금속,True,False,True,True,True
005500,00128412,삼진제약,KOSPI,제약,True,False,True,False,True
005610,00125530,SPC삼립,KOSPI,음식료·담배,True,False,True,False,True
005690,00145163,파미셀,KOSPI,제약,True,False,True,False,True
005720,00167192,넥센,KOSPI,기타금융,True,False,True,False,True
005830,00159102,DB손해보험,KOSPI,보험,True,False,True,False,True
005850,00125521,에스엘,KOSPI,운송장비·부품,True,False,True,False,True
005880,00113535,대한해운,KOSPI,운송·창고,True,False,True,False,True
005930,00126380,삼성전자,KOSPI,전기·전자,True,False,True,False,True
005940,00120182,NH투자증권,KOSPI,증권,True,False,True,False,True
005950,00145552,이수화학,KOSPI,화학,True,False,True,False,True
005960,00115612,동부건설,KOSPI,건설,True,False,True,False,True
006040,00118026,동원산업,KOSPI,"농업, 임업 및 어업",True,False,True,False,True
006060,NaN,화승인더,NaN,화학,True,False,True,False,True
006120,00131832,SK디스커버리,KOSPI,기타금융,True,False,True,False,True
006260,00105952,LS,KOSPI,기타금융,True,False,True,False,True
006280,00129679,녹십자,KOSPI,제약,True,False,True,False,True
006360,00120030,GS건설,KOSPI,건설,True,False,True,False,True
006390,00164672,한일현대시멘트,KOSPI,비금속,True,False,True,False,True
006400,00126362,삼성SDI,KOSPI,전기·전자,True,False,True,False,True
006620,00114686,동구바이오제약,KOSDAQ,제약,True,False,True,False,True
006650,00260383,대한유화,KOSPI,화학,True,False,True,False,True
006730,00130383,서부T&D,KOSDAQ,유통,True,False,True,False,True
006800,00111722,미래에셋증권,KOSPI,증권,True,True,True,False,True
006840,00125080,AK홀딩스,KOSPI,기타금융,True,False,True,False,True
007070,00140177,GS리테일,KOSPI,유통,True,False,True,True,True
007310,00141529,오뚜기,KOSPI,음식료·담배,True,False,True,False,True
007340,00116949,DN오토모티브,KOSPI,전기·전자,True,False,True,False,True
007390,00117276,네이처셀,KOSDAQ,음식료·담배,True,False,True,False,True
007460,00152385,에이프로젠,KOSPI,기계·장비,True,False,True,False,True
007570,00146454,일양약품,KOSPI,제약,True,False,True,False,True
007690,00104388,국도화학,KOSPI,화학,True,False,True,False,True
007700,NaN,F&F홀딩스,NaN,섬유·의류,True,False,True,False,True
007810,00152686,코리아써키트,KOSPI,전기·전자,True,False,True,False,True
008350,00107224,남선알미늄,KOSPI,금속,True,False,True,False,True
008490,00131692,서흥,KOSPI,화학,True,False,True,False,True
008700,00138516,아남전자,KOSPI,전기·전자,True,False,True,False,True
008730,00145260,율촌화학,KOSPI,화학,True,False,True,False,True
008770,00165680,호텔신라,KOSPI,유통,True,False,True,False,True
008930,00161426,한미사이언스,KOSPI,기타금융,True,False,True,False,True
009150,00126371,삼성전기,KOSPI,전기·전자,True,False,True,False,True
009240,00161693,한샘,KOSPI,유통,True,False,True,False,True
009290,00103592,광동제약,KOSPI,제약,True,True,True,False,True
009410,00153861,태영건설,KOSPI,건설,True,False,True,False,True
009420,00162586,한올바이오파마,KOSPI,제약,True,True,True,True,True
009450,00101488,경동나비엔,KOSPI,전기·전자,True,False,True,False,True
009540,00164830,HD한국조선해양,KOSPI,운송장비·부품,True,False,True,False,True
009680,00151128,모토닉,KOSPI,운송장비·부품,True,False,True,False,True
009830,00162461,한화솔루션,KOSPI,화학,True,False,True,False,True
009900,00173078,명신산업,KOSPI,운송장비·부품,True,False,True,False,True
009970,00140964,영원무역홀딩스,KOSPI,기타금융,True,False,True,False,True
010060,00148896,OCI홀딩스,KOSPI,화학,True,False,True,True,True
010120,NaN,LS ELECTRIC,NaN,전기·전자,True,False,True,False,True
010130,00102858,고려아연,KOSPI,금속,True,False,True,False,True
010140,00126478,삼성중공업,KOSPI,운송장비·부품,True,False,True,False,True
010170,00113261,대한광통신,KOSDAQ,전기·전자,True,False,True,False,True
010620,00164609,HD현대미포,KOSPI,운송장비·부품,True,False,True,False,True
010780,00115977,아이에스동서,KOSPI,비금속,True,False,True,True,True
010950,00138279,S-Oil,KOSPI,화학,True,False,True,False,True
011000,00118521,진원생명과학,KOSPI,제약,True,False,True,False,True
011040,00101549,경동제약,KOSDAQ,제약,True,True,True,True,True
011070,00105961,LG이노텍,KOSPI,전기·전자,True,False,True,False,True
011170,00165413,롯데케미칼,KOSPI,화학,True,False,True,False,True
011200,00164645,HMM,KOSPI,운송·창고,True,False,True,False,True
011210,00106623,현대위아,KOSPI,운송장비·부품,True,False,True,False,True
011280,00153524,태림포장,KOSPI,종이·목재,True,False,True,False,True
011780,NaN,금호석유,NaN,화학,True,False,True,True,True
011790,00139889,SKC,KOSPI,화학,True,False,True,True,True
011930,00136271,신성이엔지,KOSPI,전기·전자,True,True,True,False,True
012330,00164788,현대모비스,KOSPI,운송장비·부품,True,True,True,True,True
012450,00126566,한화에어로스페이스,KOSPI,운송장비·부품,True,False,True,False,True
012510,00172291,더존비즈온,KOSPI,일반서비스,True,False,True,True,True
012610,00102113,경인양행,KOSPI,화학,True,False,True,False,True
012630,00164636,HDC,KOSPI,기타금융,True,False,True,False,True
012750,00158501,에스원,KOSPI,일반서비스,True,False,True,False,True
013120,00117966,동원개발,KOSDAQ,건설,True,False,True,False,True
013580,NaN,계룡건설,NaN,건설,True,False,True,False,True
013890,00150633,지누스,KOSPI,기타제조,True,True,True,True,True
014680,00140955,한솔케미칼,KOSPI,화학,True,False,True,False,True
014820,00132637,동원시스템즈,KOSPI,화학,True,False,True,False,True
014830,00159786,유니드,KOSPI,화학,True,False,True,False,True
015750,00132992,성우하이텍,KOSDAQ,운송장비·부품,True,False,True,False,True
015760,NaN,한국전력,NaN,전기·가스,True,False,True,False,True
015860,00146649,일진홀딩스,KOSPI,기타금융,True,False,True,False,True
016360,00104856,삼성증권,KOSPI,증권,True,False,True,False,True
016380,00115676,KG스틸,KOSPI,금속,True,False,True,False,True
016450,00161976,한세예스24홀딩스,KOSPI,기타금융,True,False,True,False,True
016580,00166573,환인제약,KOSPI,제약,True,False,True,False,True
016590,00135777,신대양제지,KOSPI,종이·목재,True,False,True,False,True
016710,00108940,대성홀딩스,KOSPI,일반서비스,True,False,True,False,True
016800,00161709,퍼시스,KOSPI,기타제조,True,False,True,False,True
017180,00121039,명문제약,KOSPI,제약,True,False,True,False,True
017390,NaN,서울가스,NaN,전기·가스,True,False,True,False,True
017670,00159023,SK텔레콤,KOSPI,통신,True,False,True,True,True
017800,NaN,현대엘리베이,NaN,기계·장비,True,False,True,False,True
017810,00155355,풀무원,KOSPI,기타금융,True,False,True,False,True
017890,00158565,한국알콜,KOSDAQ,화학,True,False,True,False,True
017940,00165583,E1,KOSPI,유통,True,False,True,False,True
017960,00159795,한국카본,KOSPI,기계·장비,True,True,True,False,True
018000,00144243,유니슨,KOSDAQ,기계·장비,True,False,True,False,True
018250,00139454,애경산업,KOSPI,화학,True,False,True,False,True
018260,00126186,삼성에스디에스,KOSPI,일반서비스,True,False,True,False,True
018290,00150165,브이티,KOSDAQ,전기·전자,True,True,True,False,True
018670,00144164,SK가스,KOSPI,유통,True,True,True,False,True
018880,00161125,한온시스템,KOSPI,기계·장비,True,False,True,False,True
019170,00137359,신풍제약,KOSPI,제약,True,True,True,False,True
019680,00108913,대교,KOSPI,일반서비스,True,True,True,True,True
020000,00188089,한섬,KOSPI,섬유·의류,True,False,True,False,True
020150,00113997,롯데에너지머티리얼즈,KOSPI,전기·전자,True,False,True,False,True
020560,00138792,아시아나항공,KOSPI,운송·창고,True,False,True,True,True
021240,00170558,코웨이,KOSPI,일반서비스,True,True,True,False,True
022100,00155212,포스코DX,KOSPI,일반서비스,True,False,True,False,True
023410,00184667,유진기업,KOSDAQ,비금속,True,False,True,False,True
023530,00120526,롯데쇼핑,KOSPI,유통,True,False,True,False,True
023590,00176914,다우기술,KOSPI,일반서비스,True,False,True,False,True
023800,00103510,인지컨트롤스,KOSPI,운송장비·부품,True,False,True,False,True
023900,00155452,풍국주정,KOSDAQ,음식료·담배,True,False,True,False,True
024110,00149646,기업은행,KOSPI,은행,True,False,True,False,True
024720,00203290,콜마홀딩스,KOSPI,기타금융,True,False,True,False,True
025000,00191472,KPX케미칼,KOSPI,화학,True,False,True,False,True
025320,00203023,시노펙스,KOSDAQ,IT부품,True,False,True,False,True
025540,NaN,한국단자,NaN,전기·전자,True,False,True,False,True
025770,00159342,한국정보통신,KOSDAQ,통신서비스,True,False,True,False,True
025860,00107987,남해화학,KOSPI,화학,True,False,True,False,True
025900,00173032,동화기업,KOSDAQ,종이·목재,True,True,True,False,True
025950,00116408,동신건설,KOSDAQ,건설,True,False,True,False,True
025980,00161781,아난티,KOSDAQ,오락·문화,True,False,True,False,True
026890,00117498,스틱인베스트먼트,KOSPI,전기·전자,True,True,True,False,True
026960,00144395,동서,KOSPI,유통,True,False,True,False,True
027360,00156895,아주IB투자,KOSDAQ,금융,True,True,True,False,True
027410,00219097,BGF,KOSPI,기타금융,True,False,True,False,True
028050,00126308,삼성E&A,KOSPI,일반서비스,True,False,True,False,True
028260,00149655,삼성물산,KOSPI,유통,True,False,True,False,True
028300,00199252,HLB,KOSDAQ,운송장비·부품,True,False,True,False,True
028670,00122737,팬오션,KOSPI,운송·창고,True,False,True,False,True
029460,00209780,케이씨,KOSPI,의료·정밀기기,True,False,True,False,True
029530,00135795,신도리코,KOSPI,전기·전자,True,False,True,False,True
029780,00126292,삼성카드,KOSPI,기타금융,True,False,True,False,True
029960,00197476,코엔텍,KOSDAQ,일반서비스,True,False,True,False,True
030000,00148276,제일기획,KOSPI,일반서비스,True,False,True,False,True
030190,00158325,NICE평가정보,KOSPI,일반서비스,True,False,True,False,True
030200,NaN,KT,NaN,통신,True,True,True,True,True
030520,00204262,한글과컴퓨터,KOSDAQ,소프트웨어,True,False,True,True,True
030530,00216647,원익홀딩스,KOSDAQ,금융,True,True,True,False,True
030610,00113359,교보증권,KOSPI,증권,True,False,True,False,True
031330,00128661,에스에이엠티,KOSDAQ,유통,True,False,True,False,True
031430,00234412,신세계인터내셔날,KOSPI,유통,True,False,True,False,True
031440,00274933,신세계푸드,KOSPI,일반서비스,True,False,True,False,True
032190,00238782,다우데이타,KOSDAQ,유통,True,False,True,False,True
032300,00187770,한국파마,KOSDAQ,제약,True,False,True,False,True
032350,00231372,롯데관광개발,KOSPI,일반서비스,True,False,True,False,True
032500,00226352,케이엠더블유,KOSDAQ,통신장비,True,False,True,False,True
032620,00220057,유비케어,KOSDAQ,소프트웨어,True,False,True,False,True
032640,00231363,LG유플러스,KOSPI,통신,True,False,True,False,True
032830,00126256,삼성생명,KOSPI,보험,True,False,True,False,True
033160,00121686,엠케이전자,KOSDAQ,반도체,True,False,True,True,True
033180,00193009,KH 필룩스,KOSPI,전기·전자,True,False,True,False,True
033240,00146861,자화전자,KOSPI,전기·전자,True,False,True,False,True
033270,NaN,유나이티드제약,NaN,제약,True,False,True,False,True
033290,00155948,코웰패션,KOSDAQ,섬유·의류,True,False,True,True,True
033310,00143226,엠투엔,KOSDAQ,금속,True,True,True,False,True
033500,00231105,동성화인텍,KOSDAQ,화학,True,False,True,True,True
033530,00134510,SJG세종,KOSPI,운송장비·부품,True,True,True,True,True
033640,00227333,네패스,KOSDAQ,반도체,True,False,True,False,True
033780,NaN,KT&G,NaN,기타제조,True,False,True,False,True
034020,00159616,두산에너빌리티,KOSPI,기계·장비,True,False,True,True,True
034120,00130772,SBS,KOSPI,일반서비스,True,False,True,False,True
034220,00105873,LG디스플레이,KOSPI,전기·전자,True,False,True,False,True
034230,00171265,파라다이스,KOSPI,오락·문화,True,True,True,False,True
034310,00158316,NICE,KOSPI,일반서비스,True,False,True,False,True
034730,00181712,SK,KOSPI,기타금융,True,True,True,True,True
034830,00233653,한국토지신탁,KOSPI,기타금융,True,False,True,False,True
034950,00156956,한국기업평가,KOSDAQ,일반서비스,True,False,True,False,True
035250,00255619,강원랜드,KOSPI,일반서비스,True,False,True,False,True
035420,00266961,NAVER,KOSPI,일반서비스,True,True,True,True,True
035600,00264547,KG이니시스,KOSDAQ,소프트웨어,True,False,True,False,True
035720,00258801,카카오,KOSPI,일반서비스,True,True,True,True,True
035760,00265324,CJ ENM,KOSDAQ,방송서비스,True,True,True,False,True
035890,00219848,서희건설,KOSDAQ,건설,True,False,True,False,True
035900,00258689,JYP Ent.,KOSDAQ,오락·문화,True,False,True,False,True
036200,00260569,유니셈,KOSDAQ,반도체,True,False,True,False,True
036420,00203315,콘텐트리중앙,KOSPI,금융,True,False,True,False,True
036460,00261285,한국가스공사,KOSPI,전기·가스,True,False,True,True,True
036530,00225159,SNT홀딩스,KOSPI,기타금융,True,False,True,False,True
036540,00301246,SFA반도체,KOSDAQ,반도체,True,True,True,False,True
036570,00261443,엔씨소프트,KOSPI,일반서비스,True,False,True,False,True
036630,00268002,세종텔레콤,KOSDAQ,통신서비스,True,False,True,False,True
036800,00264945,나이스정보통신,KOSDAQ,통신서비스,True,False,True,False,True
036810,00223434,에프에스티,KOSDAQ,반도체,True,False,True,False,True
036830,00247975,솔브레인홀딩스,KOSDAQ,화학,True,False,True,False,True
036890,00174208,진성티이씨,KOSDAQ,기계·장비,True,False,True,False,True
036930,00252135,주성엔지니어링,KOSDAQ,반도체,True,False,True,False,True
037270,00249247,YG PLUS,KOSPI,일반서비스,True,False,True,False,True
037560,00222532,LG헬로비전,KOSPI,일반서비스,True,False,True,False,True
037710,00220561,광주신세계,KOSPI,유통,True,False,True,False,True
038290,00261373,마크로젠,KOSDAQ,일반서비스,True,False,True,True,True
038500,00239639,삼표시멘트,KOSDAQ,비금속,True,False,True,False,True
038540,00306162,상상인,KOSDAQ,컴퓨터서비스,True,False,True,False,True
038880,00252269,아이에이,KOSDAQ,반도체,True,False,True,True,True
039030,00246417,이오테크닉스,KOSDAQ,반도체,True,False,True,False,True
039130,00269940,하나투어,KOSPI,일반서비스,True,False,True,False,True
039200,00263654,오스코텍,KOSDAQ,제약,True,False,True,False,True
039440,00298340,에스티아이,KOSDAQ,반도체,True,False,True,False,True
039490,00296290,키움증권,KOSPI,증권,True,False,True,False,True
039560,00268251,다산네트웍스,KOSDAQ,통신장비,True,False,True,False,True
039840,00115931,디오,KOSDAQ,의료·정밀기기,True,False,True,False,True
040350,00346407,크레오에스지,KOSDAQ,컴퓨터서비스,True,False,True,False,True
040910,00298377,아이씨디,KOSDAQ,반도체,True,False,True,False,True
041190,00231664,우리기술투자,KOSDAQ,금융,True,True,True,False,True
041510,00260930,에스엠,KOSDAQ,오락·문화,True,False,True,False,True
041830,00269922,인바디,KOSDAQ,의료·정밀기기,True,False,True,False,True
041960,00187415,코미팜,KOSDAQ,제약,True,False,True,False,True
042000,00260879,카페24,KOSDAQ,인터넷,True,False,True,False,True
042040,00206686,케이피엠테크,KOSDAQ,화학,True,False,True,False,True
042660,00111704,한화오션,KOSPI,운송장비·부품,True,False,True,False,True
042670,00344287,HD현대인프라코어,KOSPI,기계·장비,True,False,True,True,True
042700,00161383,한미반도체,KOSPI,기계·장비,True,False,True,True,True
043150,00264255,바텍,KOSDAQ,의료·정밀기기,True,False,True,False,True
044340,00293886,위닉스,KOSDAQ,전기·전자,True,True,True,False,True
044450,00160232,KSS해운,KOSPI,운송·창고,True,False,True,False,True
044490,00186799,태웅,KOSDAQ,금속,True,False,True,False,True
045100,00216762,한양이엔지,KOSDAQ,일반서비스,True,False,True,False,True
045390,00318316,대아티아이,KOSDAQ,전기·전자,True,False,True,False,True
045660,00256502,에이텍,KOSDAQ,정보기기,True,False,True,False,True
045970,00271501,코아시아,KOSDAQ,일반서비스,True,True,True,False,True
046440,00405278,KG모빌리언스,KOSDAQ,소프트웨어,True,False,True,False,True
046890,00130763,서울반도체,KOSDAQ,반도체,True,True,True,True,True
047040,00124540,대우건설,KOSPI,건설,True,False,True,False,True
047050,00124504,포스코인터내셔널,KOSPI,유통,True,False,True,False,True
047310,00269612,파워로직스,KOSDAQ,IT부품,True,False,True,False,True
047810,00309503,한국항공우주,KOSPI,운송장비·부품,True,False,True,False,True
047820,00299464,초록뱀미디어,KOSDAQ,오락·문화,True,False,True,False,True
047920,00336817,HLB제약,KOSDAQ,일반서비스,True,False,True,False,True
048410,00313649,현대바이오,KOSDAQ,화학,True,False,True,False,True
048530,00292434,인트론바이오,KOSDAQ,제약,True,False,True,False,True
048870,00475985,시너지이노베이션,KOSDAQ,의료·정밀기기,True,False,True,False,True
049070,00226866,인탑스,KOSDAQ,IT부품,True,False,True,False,True
049770,00340917,동원F&B,KOSPI,음식료·담배,True,False,True,False,True
049950,00447760,미래컴퍼니,KOSDAQ,기계·장비,True,False,True,False,True
050890,00364403,쏠리드,KOSDAQ,통신장비,True,False,True,False,True
051370,00369170,인터플렉스,KOSDAQ,IT부품,True,False,True,False,True
051600,00159218,한전KPS,KOSPI,건설,True,False,True,False,True
051900,00356370,LG생활건강,KOSPI,화학,True,False,True,False,True
051910,00356361,LG화학,KOSPI,화학,True,False,True,True,True
052020,00273110,에스티큐브,KOSDAQ,IT부품,True,False,True,False,True
052260,00347062,현대바이오랜드,KOSDAQ,화학,True,False,True,False,True
052400,00349732,코나아이,KOSDAQ,소프트웨어,True,True,True,True,True
052420,00350048,오성첨단소재,KOSDAQ,IT부품,True,False,True,False,True
052690,00159209,한전기술,KOSPI,일반서비스,True,False,True,False,True
052710,00298447,아모텍,KOSDAQ,IT부품,True,False,True,False,True
053030,00216027,바이넥스,KOSDAQ,제약,True,True,True,False,True
053210,NaN,스카이라이프,NaN,일반서비스,True,False,True,True,True
053280,00362858,예스24,KOSDAQ,인터넷,True,False,True,False,True
053300,00306454,한국정보인증,KOSDAQ,소프트웨어,True,False,True,False,True
053580,00323868,웹케시,KOSDAQ,금융,True,False,True,True,True
053610,00325112,프로텍,KOSDAQ,반도체,True,False,True,False,True
053800,00298270,안랩,KOSDAQ,소프트웨어,True,False,True,False,True
055550,00382199,신한지주,KOSPI,기타금융,True,True,True,False,True
056190,00358271,에스에프에이,KOSDAQ,기계·장비,True,True,True,True,True
057050,00412597,현대홈쇼핑,KOSPI,유통,True,False,True,False,True
058110,00270113,멕아이씨에스,KOSDAQ,의료·정밀기기,True,False,True,False,True
058400,00208134,KNN,KOSDAQ,방송서비스,True,False,True,False,True
058470,00369657,리노공업,KOSDAQ,반도체,True,False,True,False,True
058650,00377610,세아홀딩스,KOSPI,기타금융,True,False,True,False,True
058820,00380429,CMG제약,KOSDAQ,제약,True,False,True,False,True
059090,00366942,미코,KOSDAQ,반도체,True,False,True,False,True
060150,00375931,인선이엔티,KOSDAQ,일반서비스,True,False,True,False,True
060250,00357740,NHN KCP,KOSDAQ,소프트웨어,True,True,True,False,True
060570,00364467,드림어스컴퍼니,KOSDAQ,정보기기,True,False,True,False,True
060720,00378628,KH바텍,KOSDAQ,IT부품,True,False,True,True,True
060980,00299002,HL홀딩스,KOSPI,기타금융,True,False,True,False,True
061040,00309831,알에프텍,KOSDAQ,통신장비,True,False,True,False,True
061250,00188973,화일약품,KOSDAQ,제약,True,False,True,True,True
061970,00412348,LB세미콘,KOSDAQ,반도체,True,False,True,False,True
063080,00535746,컴투스홀딩스,KOSDAQ,디지털컨텐츠,True,True,True,True,True
063160,00390055,종근당바이오,KOSPI,제약,True,True,True,False,True
064260,00389970,다날,KOSDAQ,디지털컨텐츠,True,False,True,False,True
064350,00302926,현대로템,KOSPI,운송장비·부품,True,False,True,False,True
064550,00326731,바이오니아,KOSDAQ,제약,True,False,True,False,True
064760,00245472,티씨케이,KOSDAQ,반도체,True,False,True,False,True
064960,00398792,SNT모티브,KOSPI,운송장비·부품,True,False,True,True,True
065350,00136226,신성델타테크,KOSDAQ,전기·전자,True,True,True,False,True
065660,00631837,안트로젠,KOSDAQ,제약,True,False,True,False,True
065680,00390903,우주일렉트로,KOSDAQ,IT부품,True,False,True,False,True
066570,00401731,LG전자,KOSPI,전기·전자,True,False,True,False,True
066590,00301422,우수AMS,KOSDAQ,운송장비·부품,True,False,True,False,True
066700,00249894,테라젠이텍스,KOSDAQ,제약,True,False,True,False,True
066970,00398701,엘앤에프,KOSPI,IT부품,True,True,True,False,True
067080,00210740,대화제약,KOSDAQ,제약,True,False,True,False,True
067160,00399694,SOOP,KOSDAQ,소프트웨어,True,True,True,True,True
067170,00397289,오텍,KOSDAQ,운송장비·부품,True,False,True,False,True
067290,00110431,JW신약,KOSDAQ,제약,True,False,True,False,True
067310,00445054,하나마이크론,KOSDAQ,반도체,True,False,True,False,True
067630,00365590,HLB생명과학,KOSDAQ,일반서비스,True,False,True,False,True
067900,00190756,와이엔텍,KOSDAQ,일반서비스,True,False,True,False,True
068240,00523307,다원시스,KOSDAQ,IT부품,True,False,True,False,True
068270,00413046,셀트리온,KOSPI,제약,True,False,True,False,True
068290,00423690,삼성출판사,KOSPI,일반서비스,True,False,True,False,True
068330,00385415,일신바이오,KOSDAQ,기계·장비,True,False,True,False,True
068760,00541349,셀트리온제약,KOSDAQ,제약,True,False,True,False,True
069080,00405320,웹젠,KOSDAQ,디지털컨텐츠,True,False,True,False,True
069260,NaN,TKG휴켐스,NaN,화학,True,False,True,False,True
069620,00427483,대웅제약,KOSPI,제약,True,True,True,True,True
069960,00428251,현대백화점,KOSPI,유통,True,False,True,False,True
071050,00432102,한국금융지주,KOSPI,기타금융,True,False,True,False,True
071320,00159698,지역난방공사,KOSPI,전기·가스,True,False,True,False,True
071840,00158307,롯데하이마트,KOSPI,유통,True,False,True,False,True
072520,00408956,제넨바이오,KOSDAQ,일반서비스,True,False,True,False,True
072710,00459871,농심홀딩스,KOSPI,기타금융,True,False,True,False,True
073240,00481454,금호타이어,KOSPI,화학,True,False,True,False,True
073490,00462121,이노와이어리스,KOSDAQ,통신장비,True,False,True,False,True
074600,00468374,원익QnC,KOSDAQ,비금속,True,False,True,False,True
075580,00415628,세진중공업,KOSPI,운송장비·부품,True,True,True,False,True
077360,00471068,덕산하이메탈,KOSDAQ,전기·전자,True,False,True,True,True
077500,00414601,유니퀘스트,KOSPI,유통,True,False,True,False,True
078020,00330424,LS증권,KOSDAQ,금융,True,False,True,False,True
078070,00411385,유비쿼스홀딩스,KOSDAQ,금융,True,False,True,False,True
078130,00104573,국일제지,KOSDAQ,종이·목재,True,False,True,False,True
078160,00453929,메디포스트,KOSDAQ,제약,True,False,True,False,True
078340,00476498,컴투스,KOSDAQ,디지털컨텐츠,True,True,True,True,True
078590,00230814,휴림에이텍,KOSDAQ,운송장비·부품,True,False,True,False,True
078600,00177816,대주전자재료,KOSDAQ,IT부품,True,False,True,True,True
078930,00500254,GS,KOSPI,기타금융,True,False,True,False,True
079160,00303873,CJ CGV,KOSPI,일반서비스,True,False,True,False,True
079370,00442570,제우스,KOSDAQ,기계·장비,True,False,True,True,True
079430,00300548,현대리바트,KOSPI,기타제조,True,False,True,False,True
079550,00503668,LIG넥스원,KOSPI,기계·장비,True,False,True,True,True
079980,00362238,휴비스,KOSPI,화학,True,False,True,False,True
080160,00456218,모두투어,KOSDAQ,일반서비스,True,False,True,False,True
080420,00480048,모다이노칩,KOSDAQ,IT부품,True,False,True,False,True
080580,00543107,오킨스전자,KOSDAQ,반도체,True,False,True,False,True
081000,00508274,일진다이아,KOSPI,화학,True,False,True,False,True
081660,00195229,휠라홀딩스,KOSPI,유통,True,False,True,False,True
082210,00327396,옵트론텍,KOSDAQ,IT부품,True,False,True,True,True
082270,00492894,젬백스,KOSDAQ,기계·장비,True,False,True,False,True
082640,00117267,동양생명,KOSPI,보험,True,False,True,False,True
082740,00361008,한화엔진,KOSPI,기계·장비,True,False,True,False,True
082800,00533191,비보존 제약,KOSDAQ,반도체,True,False,True,False,True
082850,00369107,우리바이오,KOSDAQ,전기·전자,True,False,True,False,True
082920,00154718,비츠로셀,KOSDAQ,IT부품,True,False,True,False,True
083310,00484682,엘오티베큠,KOSDAQ,반도체,True,False,True,False,True
083420,00454946,그린케미칼,KOSPI,화학,True,False,True,False,True
083790,00407814,CG인바이츠,KOSDAQ,일반서비스,True,False,True,False,True
084010,00113225,대한제강,KOSPI,금속,True,False,True,False,True
084110,00228059,휴온스글로벌,KOSDAQ,금융,True,False,True,False,True
084370,00531014,유진테크,KOSDAQ,반도체,True,True,True,True,True
084680,00540605,이월드,KOSPI,일반서비스,True,False,True,False,True
084690,00539274,대상홀딩스,KOSPI,기타금융,True,False,True,False,True
084850,00579980,아이티엠반도체,KOSDAQ,반도체,True,False,True,False,True
084990,00359395,헬릭스미스,KOSDAQ,일반서비스,True,False,True,False,True
085620,00112332,미래에셋생명,KOSPI,보험,True,False,True,False,True
085660,00525679,차바이오텍,KOSDAQ,제약,True,False,True,False,True
086280,00360595,현대글로비스,KOSPI,운송·창고,True,False,True,False,True
086390,00540447,유니테스트,KOSDAQ,반도체,True,False,True,True,True
086450,00114808,동국제약,KOSDAQ,제약,True,False,True,False,True
086520,00536541,에코프로,KOSDAQ,IT부품,True,True,True,True,True
086790,00547583,하나금융지주,KOSPI,기타금융,True,False,True,False,True
086900,00580199,메디톡스,KOSDAQ,제약,True,True,True,False,True
087010,00415868,펩트론,KOSDAQ,제약,True,False,True,False,True
088260,00544452,이리츠코크렙,KOSPI,일반서비스,True,False,True,False,True
088350,00113058,한화생명,KOSPI,보험,True,False,True,False,True
088800,00556907,에이스테크,KOSDAQ,통신장비,True,False,True,False,True
088980,00435297,맥쿼리인프라,KOSPI,기타금융,False,False,False,False,False
089010,00371485,켐트로닉스,KOSDAQ,화학,True,False,True,False,True
089030,00535676,테크윙,KOSDAQ,반도체,True,False,True,False,True
089590,00555874,제주항공,KOSPI,운송·창고,True,False,True,False,True
089600,00486097,나스미디어,KOSDAQ,일반서비스,True,False,True,False,True
089970,00544577,브이엠,KOSDAQ,기계·장비,True,True,True,False,True
089980,00181299,상아프론테크,KOSDAQ,화학,True,False,True,True,True
090430,00583424,아모레퍼시픽,KOSPI,화학,True,False,True,True,True
090460,00447609,비에이치,KOSPI,IT부품,True,False,True,False,True
090850,00656951,현대이지웰,KOSDAQ,일반서비스,True,True,True,False,True
091700,00490151,파트론,KOSDAQ,IT부품,True,False,True,False,True
091810,00671376,티웨이항공,KOSPI,운송·창고,True,False,True,False,True
092040,00545734,아미코젠,KOSDAQ,음식료·담배,True,False,True,False,True
092130,00634728,이크레더블,KOSDAQ,일반서비스,True,False,True,False,True
092190,00488402,서울바이오시스,KOSDAQ,IT부품,True,False,True,True,True
092220,00589127,KEC,KOSPI,전기·전자,True,False,True,False,True
092230,00587466,KPX홀딩스,KOSPI,기타금융,True,False,True,False,True
093050,00593032,LF,KOSPI,섬유·의류,True,False,True,False,True
093320,00603348,케이아이엔엑스,KOSDAQ,인터넷,True,True,True,True,True
093370,00595191,후성,KOSPI,화학,True,False,True,False,True
094280,NaN,효성ITX,NaN,일반서비스,True,False,True,False,True
094800,00600013,맵스리얼티1,KOSPI,기타금융,False,False,False,False,False
095190,00526951,이엠코리아,KOSDAQ,기계·장비,True,False,True,False,True
095340,00572905,ISC,KOSDAQ,반도체,True,False,True,True,True
095610,00524421,테스,KOSDAQ,반도체,True,False,True,False,True
095660,00628860,네오위즈,KOSDAQ,디지털컨텐츠,True,True,True,True,True
095700,00545929,제넥신,KOSDAQ,일반서비스,True,False,True,False,True
095720,00628189,웅진씽크빅,KOSPI,일반서비스,True,False,True,False,True
096530,00788773,씨젠,KOSDAQ,제약,True,False,True,False,True
096760,00632304,JW홀딩스,KOSPI,기타금융,True,False,True,False,True
096770,00631518,SK이노베이션,KOSPI,기타금융,True,False,True,True,True
097230,00633835,HJ중공업,KOSPI,건설,True,False,True,False,True
097520,00564562,엠씨넥스,KOSPI,IT부품,True,False,True,True,True
097780,00562360,에코볼트,KOSDAQ,IT부품,True,False,True,False,True
097950,00635134,CJ제일제당,KOSPI,음식료·담배,True,False,True,False,True
098460,00579999,고영,KOSDAQ,기계·장비,True,False,True,False,True
099190,00550994,아이센스,KOSDAQ,의료·정밀기기,True,False,True,False,True
100090,00480367,SK오션플랜트,KOSPI,금속,True,False,True,False,True
100120,00609324,뷰웍스,KOSDAQ,의료·정밀기기,True,False,True,False,True
100130,00415594,동국S&C,KOSDAQ,금속,True,False,True,False,True
100700,00362201,세운메디칼,KOSDAQ,제약,True,False,True,False,True
100790,00340096,미래에셋벤처투자,KOSDAQ,금융,True,False,True,False,True
101160,00580065,월덱스,KOSDAQ,반도체,True,False,True,False,True
101360,00619640,에코앤드림,KOSDAQ,화학,True,False,True,False,True
101490,00411048,에스앤에스텍,KOSDAQ,반도체,True,False,True,False,True
102120,00591441,어보브반도체,KOSDAQ,반도체,True,True,True,False,True
102460,00145598,이연제약,KOSPI,제약,True,False,True,False,True
102710,00530185,이엔에프테크놀로지,KOSDAQ,화학,True,False,True,False,True
102940,00525642,코오롱생명과학,KOSDAQ,제약,True,False,True,False,True
103140,00684714,풍산,KOSPI,금속,True,False,True,False,True
104700,00687711,한국철강,KOSPI,금속,True,False,True,False,True
104830,00623661,원익머트리얼즈,KOSDAQ,반도체,True,False,True,False,True
105560,00688996,KB금융,KOSPI,기타금융,True,True,True,False,True
105630,00728638,한세실업,KOSPI,섬유·의류,True,False,True,False,True
108230,00531917,톱텍,KOSDAQ,기계·장비,True,False,True,False,True
108320,00525934,LX세미콘,KOSPI,반도체,True,False,True,False,True
108670,00759513,LX하우시스,KOSPI,화학,True,False,True,False,True
109820,00552992,진매트릭스,KOSDAQ,일반서비스,True,False,True,False,True
110790,00522007,크리스에프앤씨,KOSDAQ,섬유·의류,True,False,True,True,True
111770,00776820,영원무역,KOSPI,유통,True,False,True,False,True
112040,00444329,위메이드,KOSDAQ,디지털컨텐츠,True,True,True,True,True
112610,00670340,씨에스윈드,KOSPI,기계·장비,True,True,True,False,True
114090,00557508,GKL,KOSPI,일반서비스,True,False,True,False,True
115180,01042650,큐리언트,KOSDAQ,일반서비스,True,False,True,False,True
115450,00552859,HLB테라퓨틱스,KOSDAQ,소프트웨어,True,True,True,False,True
118990,00876908,모트렉스,KOSDAQ,운송장비·부품,True,True,True,False,True
119610,00604426,인터로조,KOSDAQ,의료·정밀기기,True,True,True,True,True
120110,00795135,코오롱인더,KOSPI,화학,True,False,True,False,True
120240,00250997,대정화금,KOSDAQ,화학,True,False,True,False,True
121600,00439965,나노신소재,KOSDAQ,화학,True,True,True,True,True
121800,00693651,비덴트,KOSDAQ,통신장비,True,False,True,False,True
122450,00657987,KX,KOSDAQ,방송서비스,True,False,True,False,True
122870,00613318,와이지엔터테인먼트,KOSDAQ,오락·문화,True,False,True,False,True
122900,00360142,아이마켓코리아,KOSPI,유통,True,False,True,False,True
122990,00759294,와이솔,KOSDAQ,반도체,True,False,True,False,True
123040,00259545,엠에스오토텍,KOSDAQ,운송장비·부품,True,False,True,False,True
123860,00761952,아나패스,KOSDAQ,반도체,True,True,True,False,True
123890,00404701,한국자산신탁,KOSPI,기타금융,True,False,True,False,True
125210,00611912,아모그린텍,KOSDAQ,IT부품,True,False,True,False,True
126340,00563518,비나텍,KOSDAQ,IT부품,True,False,True,False,True
126560,00403632,현대퓨처넷,KOSPI,일반서비스,True,False,True,False,True
128940,00828497,한미약품,KOSPI,제약,True,False,True,False,True
129890,01207716,앱코,KOSDAQ,정보기기,True,False,True,False,True
131290,00372226,티에스이,KOSDAQ,반도체,True,True,True,True,True
131370,00838962,알서포트,KOSDAQ,디지털컨텐츠,True,True,True,False,True
131970,00563545,두산테스나,KOSDAQ,반도체,True,False,True,False,True
136480,00857727,하림,KOSDAQ,음식료·담배,True,False,True,False,True
136490,00855093,선진,KOSPI,음식료·담배,True,False,True,False,True
137400,00612294,피엔티,KOSDAQ,기계·장비,True,False,True,False,True
138040,00860332,메리츠금융지주,KOSPI,기타금융,True,False,True,False,True
138080,00571483,오이솔루션,KOSDAQ,통신장비,True,False,True,False,True
138610,00767628,나이벡,KOSDAQ,제약,True,False,True,False,True
138930,00858364,BNK금융지주,KOSPI,기타금융,True,True,True,False,True
139130,00878915,DGB금융지주,KOSPI,기타금융,True,False,True,False,True
139480,00872984,이마트,KOSPI,유통,True,False,True,True,True
139670,00535375,키네마스터,KOSDAQ,소프트웨어,True,False,True,True,True
140410,00808022,메지온,KOSDAQ,일반서비스,True,False,True,False,True
140860,00244747,파크시스템스,KOSDAQ,의료·정밀기기,True,False,True,False,True
141080,00842619,리가켐바이오,KOSDAQ,일반서비스,True,False,True,False,True
142280,00513948,녹십자엠에스,KOSDAQ,제약,True,False,True,False,True
143160,00883980,아이디스,KOSDAQ,통신장비,True,True,True,False,True
143240,00857480,사람인,KOSDAQ,인터넷,True,True,True,False,True
144510,01010642,지씨셀,KOSDAQ,일반서비스,True,False,True,True,True
144960,00521390,뉴파워프라즈마,KOSDAQ,기계·장비,True,False,True,False,True
145020,00888347,휴젤,KOSDAQ,제약,True,False,True,True,True
145720,00526599,덴티움,KOSPI,의료·정밀기기,True,False,True,False,True
145990,00896285,삼양사,KOSPI,음식료·담배,True,True,True,False,True
148150,00913689,세경하이테크,KOSDAQ,전기·전자,True,False,True,False,True
151860,00366137,KG에코솔루션,KOSDAQ,일반서비스,True,False,True,True,True
151910,00653103,퓨처코어,KOSDAQ,IT부품,True,False,True,False,True
156100,00918222,엘앤케이바이오,KOSDAQ,의료·정밀기기,True,False,True,False,True
161000,00936787,애경케미칼,KOSPI,화학,True,False,True,False,True
161390,00937324,한국타이어앤테크놀로지,KOSPI,화학,True,False,True,False,True
161580,00938721,필옵틱스,KOSDAQ,IT부품,True,False,True,False,True
161890,00939331,한국콜마,KOSPI,화학,True,False,True,True,True
166090,00660750,하나머티리얼즈,KOSDAQ,반도체,True,False,True,False,True
166480,00989664,코아스템켐온,KOSDAQ,제약,True,False,True,False,True
170900,00956930,동아에스티,KOSPI,제약,True,False,True,False,True
174900,00991191,앱클론,KOSDAQ,제약,True,False,True,False,True
175250,00554352,아이큐어,KOSDAQ,제약,True,False,True,False,True
175330,00980122,JB금융지주,KOSPI,기타금융,True,False,True,False,True
178320,00838005,서진시스템,KOSDAQ,통신장비,True,False,True,False,True
178920,00767460,PI첨단소재,KOSPI,화학,True,False,True,False,True
179900,00961774,유티아이,KOSDAQ,IT부품,True,False,True,False,True
180640,00983040,한진칼,KOSPI,기타금융,True,False,True,False,True
181710,NaN,NHN,NaN,일반서비스,True,False,True,True,True
182400,00977650,엔케이맥스,KOSDAQ,제약,True,False,True,False,True
183190,00990165,아세아시멘트,KOSPI,비금속,True,False,True,False,True
183300,00997812,코미코,KOSDAQ,반도체,True,False,True,False,True
183490,00606886,엔지켐생명과학,KOSDAQ,제약,True,False,True,False,True
185750,00992871,종근당,KOSPI,제약,True,False,True,False,True
187420,00983916,HLB제넥스,KOSDAQ,제약,True,False,True,False,True
187870,00624509,디바이스이엔지,KOSDAQ,반도체,True,True,True,False,True
189300,00664181,인텔리안테크,KOSDAQ,전기·전자,True,False,True,True,True
191420,00926522,테고사이언스,KOSDAQ,제약,True,False,True,False,True
192080,01010110,더블유게임즈,KOSPI,디지털컨텐츠,True,False,True,False,True
192400,00132354,쿠쿠홀딩스,KOSPI,기타금융,True,False,True,False,True
192440,00917861,슈피겐코리아,KOSDAQ,IT부품,True,False,True,False,True
192650,00415646,드림텍,KOSPI,전기·전자,True,True,True,False,True
192820,01009789,코스맥스,KOSPI,화학,True,True,True,False,True
194700,00811372,노바렉스,KOSDAQ,음식료·담배,True,False,True,False,True
195870,01032413,해성디에스,KOSPI,전기·전자,True,False,True,False,True
195990,00620558,에이비프로바이오,KOSDAQ,기계·장비,True,False,True,False,True
196170,00989619,알테오젠,KOSDAQ,일반서비스,True,False,True,False,True
199800,00547510,툴젠,KOSDAQ,일반서비스,True,False,True,False,True
199820,00148470,제일일렉트릭,KOSDAQ,전기·전자,True,False,True,False,True
200130,01032404,콜마비앤에이치,KOSDAQ,제약,True,False,True,False,True
200230,00608802,텔콘RF제약,KOSDAQ,통신장비,True,False,True,False,True
200710,00657002,에이디테크놀로지,KOSDAQ,반도체,True,True,True,False,True
204270,00447575,제이앤티씨,KOSDAQ,전기·전자,True,False,True,False,True
204320,01042775,HL만도,KOSPI,운송장비·부품,True,False,True,True,True
205470,01042979,휴마시스,KOSDAQ,제약,True,False,True,False,True
206640,01046708,바디텍메드,KOSDAQ,제약,True,True,True,True,True
206650,00927558,유바이오로직스,KOSDAQ,제약,True,False,True,False,True
207760,01047840,미스터블루,KOSDAQ,디지털컨텐츠,True,False,True,True,True
207940,00877059,삼성바이오로직스,KOSPI,제약,True,False,True,False,True
208340,00972293,파멥신,KOSDAQ,제약,True,False,True,False,True
210980,00508344,SK디앤디,KOSPI,일반서비스,True,False,True,False,True
213420,01061558,덕산네오룩스,KOSDAQ,반도체,True,False,True,False,True
213500,01060744,한솔제지,KOSPI,종이·목재,True,False,True,False,True
214150,01061327,클래시스,KOSDAQ,의료·정밀기기,True,False,True,False,True
214320,00565154,이노션,KOSPI,일반서비스,True,False,True,False,True
214330,00105606,금호에이치티,KOSPI,운송장비·부품,True,False,True,False,True
214370,00549891,케어젠,KOSDAQ,제약,True,False,True,False,True
214390,00101664,경보제약,KOSPI,제약,True,False,True,False,True
214450,00970453,파마리서치,KOSDAQ,유통,True,False,True,False,True
214870,00820389,한울BnC,KOSDAQ,통신장비,True,False,True,False,True
215000,01067516,골프존,KOSDAQ,소프트웨어,True,False,True,False,True
215200,01074862,메가스터디교육,KOSDAQ,일반서비스,True,True,True,False,True
215600,00919966,신라젠,KOSDAQ,일반서비스,True,False,True,False,True
216050,00819073,인크로스,KOSDAQ,일반서비스,True,False,True,True,True
216080,01222867,제테마,KOSDAQ,제약,True,False,True,False,True
217270,01067808,넵튠,KOSDAQ,출판·매체복제,True,False,True,False,True
217330,01046391,싸이토젠,KOSDAQ,일반서비스,True,False,True,False,True
218410,01078178,RFHIC,KOSDAQ,전기·전자,True,False,True,False,True
220100,01053540,퓨쳐켐,KOSDAQ,제약,True,False,True,False,True
222080,01090471,씨아이에스,KOSDAQ,기계·장비,True,False,True,False,True
222800,01095722,심텍,KOSDAQ,반도체,True,True,True,True,True
225570,01096341,넥슨게임즈,KOSDAQ,디지털컨텐츠,True,True,True,True,True
226320,00911955,잇츠한불,KOSPI,화학,True,False,True,False,True
226330,01344336,신테카바이오,KOSDAQ,출판·매체복제,True,False,True,False,True
226950,01113718,올릭스,KOSDAQ,일반서비스,True,False,True,False,True
228670,00828761,레이,KOSDAQ,의료·정밀기기,True,False,True,False,True
228760,01108248,지노믹트리,KOSDAQ,제약,True,False,True,False,True
229640,01093007,LS에코에너지,KOSPI,기타금융,True,False,True,False,True
230240,01108442,에치에프알,KOSDAQ,전기·전자,True,False,True,False,True
230360,01029394,에코마케팅,KOSDAQ,일반서비스,True,False,True,False,True
232140,01109539,와이씨,KOSDAQ,반도체,True,True,True,False,True
234080,00225706,JW생명과학,KOSPI,제약,True,False,True,False,True
234340,00763701,헥토파이낸셜,KOSDAQ,소프트웨어,True,True,True,True,True
234690,01135057,녹십자웰빙,KOSDAQ,제약,True,False,True,False,True
235980,01336373,메드팩토,KOSDAQ,일반서비스,True,False,True,False,True
237690,00871833,에스티팜,KOSDAQ,제약,True,False,True,False,True
237880,00957735,클리오,KOSDAQ,화학,True,False,True,False,True
238090,00942131,앤디포스,KOSDAQ,비금속,True,False,True,False,True
240810,01135941,원익IPS,KOSDAQ,반도체,True,False,True,False,True
241560,01032486,두산밥캣,KOSPI,기타금융,True,False,True,False,True
241590,01128613,화승엔터프라이즈,KOSPI,기타금융,True,False,True,False,True
241820,01051092,피씨엘,KOSDAQ,제약,True,False,True,False,True
241840,00975290,에이스토리,KOSDAQ,오락·문화,True,False,True,False,True
243070,01159853,휴온스,KOSDAQ,제약,True,False,True,False,True
243840,00807379,신흥에스이씨,KOSDAQ,IT부품,True,False,True,False,True
244460,01070149,올리패스,KOSDAQ,제약,True,False,True,False,True
245620,01182550,EDGC,KOSDAQ,일반서비스,True,False,True,True,True
247540,01160363,에코프로비엠,KOSDAQ,전기·전자,True,True,True,True,True
249420,01168383,일동제약,KOSPI,제약,True,False,True,False,True
251270,00904672,넷마블,KOSPI,일반서비스,True,False,True,False,True
251370,00602172,와이엠티,KOSDAQ,화학,True,True,True,False,True
253450,01168684,스튜디오드래곤,KOSDAQ,오락·문화,True,False,True,False,True
253840,01063954,수젠텍,KOSDAQ,의료·정밀기기,True,False,True,False,True
256940,01037214,케이피에스,KOSDAQ,반도체,True,False,True,False,True
262260,00604268,에이프로,KOSDAQ,전기·전자,True,False,True,False,True
263050,01110678,유틸렉스,KOSDAQ,제약,True,False,True,False,True
263720,01186404,디앤씨미디어,KOSDAQ,디지털컨텐츠,True,False,True,False,True
263750,01152470,펄어비스,KOSDAQ,디지털컨텐츠,True,True,True,True,True
264450,01203376,유비쿼스,KOSDAQ,통신장비,True,False,True,False,True
265520,01203808,AP시스템,KOSDAQ,반도체,True,False,True,False,True
267250,01205709,HD현대,KOSPI,기타금융,True,False,True,False,True
267260,01205851,HD현대일렉트릭,KOSPI,전기·전자,True,False,True,False,True
267270,01205842,HD현대건설기계,KOSPI,기계·장비,True,False,True,False,True
267850,00458234,아시아나IDT,KOSPI,일반서비스,True,False,True,False,True
267980,01234507,매일유업,KOSDAQ,음식료·담배,True,False,True,True,True
268280,01234297,미원에스씨,KOSPI,화학,True,True,True,True,True
268600,01182444,셀리버리,KOSDAQ,일반서비스,True,False,True,False,True
271560,01238169,오리온,KOSPI,음식료·담배,True,False,True,False,True
271980,01236897,제일약품,KOSPI,제약,True,False,True,False,True
272210,00339391,한화시스템,KOSPI,의료·정밀기기,True,False,True,False,True
272290,01237540,이녹스첨단소재,KOSDAQ,IT부품,True,False,True,True,True
272450,00653024,진에어,KOSPI,운송·창고,True,False,True,True,True
272550,01060814,삼양패키징,KOSPI,화학,True,False,True,False,True
278280,00897752,천보,KOSDAQ,화학,True,False,True,True,True
280360,01258507,롯데웰푸드,KOSPI,음식료·담배,True,False,True,False,True
281820,01261893,케이씨텍,KOSPI,의료·정밀기기,True,False,True,False,True
282330,01263022,BGF리테일,KOSPI,유통,True,False,True,False,True
284620,01263527,카이노스메드,KOSDAQ,일반서비스,True,False,True,False,True
284740,01267684,쿠쿠홈시스,KOSPI,일반서비스,True,False,True,False,True
285130,01267170,SK케미칼,KOSPI,화학,True,False,True,False,True
286940,01262032,롯데이노베이트,KOSPI,일반서비스,True,False,True,False,True
288330,NaN,브릿지바이오테라퓨틱스,NaN,제약,True,False,True,False,True
289080,00599151,SV인베스트먼트,KOSDAQ,금융,True,False,True,False,True
290650,01181515,엘앤씨바이오,KOSDAQ,제약,True,False,True,False,True
290670,01259418,대보마그네틱,KOSDAQ,기계·장비,True,False,True,False,True
291650,01265251,압타머사이언스,KOSDAQ,일반서비스,True,False,True,False,True
293480,00248974,하나제약,KOSPI,제약,True,False,True,False,True
293490,01137383,카카오게임즈,KOSDAQ,디지털컨텐츠,True,False,True,False,True
293780,01251595,압타바이오,KOSDAQ,일반서비스,True,False,True,False,True
294090,01274310,이오플로우,KOSDAQ,의료·정밀기기,True,False,True,False,True
294140,01011395,레몬,KOSDAQ,화학,True,False,True,False,True
294870,01310269,HDC현대산업개발,KOSPI,건설,True,False,True,False,True
297090,00765462,씨에스베어링,KOSDAQ,기계·장비,True,False,True,False,True
298000,01316236,효성화학,KOSPI,화학,True,False,True,False,True
298020,01316227,효성티앤씨,KOSPI,화학,True,False,True,False,True
298040,01316245,효성중공업,KOSPI,전기·전자,True,False,True,False,True
298050,01316254,HS효성첨단소재,KOSPI,화학,True,False,True,False,True
298060,01110474,에스씨엠생명과학,KOSDAQ,제약,True,False,True,False,True
298380,01256864,에이비엘바이오,KOSDAQ,제약,True,False,True,False,True
298540,01214743,더네이쳐홀딩스,KOSDAQ,유통,True,False,True,False,True
298690,00651901,에어부산,KOSPI,운송·창고,True,False,True,False,True
299030,00601191,하나기술,KOSDAQ,기계·장비,True,False,True,False,True
299660,01235296,셀리드,KOSDAQ,일반서비스,True,False,True,False,True
300120,01251489,라온피플,KOSDAQ,IT부품,True,False,True,False,True
300720,01319808,한일시멘트,KOSPI,비금속,True,False,True,False,True
304840,01118281,피플바이오,KOSDAQ,제약,True,False,True,False,True
306200,01325979,세아제강,KOSPI,금속,True,False,True,False,True
307750,01329957,국전약품,KOSDAQ,제약,True,False,True,False,True
307950,00362441,현대오토에버,KOSPI,일반서비스,True,False,True,False,True
314130,01276026,지놈앤컴퍼니,KOSDAQ,제약,True,False,True,False,True
316140,01350869,우리금융지주,KOSPI,기타금융,True,False,True,False,True
317330,01021666,덕산테코피아,KOSDAQ,반도체,True,False,True,False,True
317400,00367844,자이에스앤디,KOSPI,일반서비스,True,False,True,False,True
317690,01311286,퀀타매트릭스,KOSDAQ,의료·정밀기기,True,False,True,False,True
318020,00962393,포인트모바일,KOSDAQ,전기·전자,True,False,True,False,True
319660,01365825,피에스케이,KOSDAQ,반도체,True,True,True,True,True
321550,01335930,티움바이오,KOSDAQ,일반서비스,True,False,True,False,True
322000,01199550,HD현대에너지솔루션,KOSPI,전기·전자,True,False,True,False,True
323990,01335851,박셀바이오,KOSDAQ,일반서비스,True,False,True,False,True
326030,NaN,SK바이오팜,NaN,일반서비스,True,False,True,False,True
330860,01368354,네패스아크,KOSDAQ,반도체,True,False,True,False,True
332570,01015160,와이팜,KOSDAQ,IT부품,True,False,True,False,True
335810,01137295,프리시젼바이오,KOSDAQ,의료·정밀기기,True,False,True,False,True
336260,01412725,두산퓨얼셀,KOSPI,전기·전자,True,False,True,False,True
336370,01412822,솔루스첨단소재,KOSPI,전기·전자,True,False,True,False,True
339770,00453284,교촌에프앤비,KOSPI,유통,True,False,True,False,True
344820,NaN,KCC글라스,NaN,비금속,True,False,True,False,True
347860,01405451,알체라,KOSDAQ,소프트웨어,True,False,True,False,True
348150,01399071,고바이오랩,KOSDAQ,일반서비스,True,False,True,False,True
348210,01080252,넥스틴,KOSDAQ,반도체,True,False,True,False,True
348350,00925587,위드텍,KOSDAQ,의료·정밀기기,True,False,True,False,True
352820,01204056,하이브,KOSPI,일반서비스,True,False,True,False,True
353200,01478712,대덕전자,KOSPI,전기·전자,True,True,True,False,True
354200,01397903,엔젠바이오,KOSDAQ,일반서비스,True,False,True,False,True
356860,00920379,티엘비,KOSDAQ,전기·전자,True,False,True,False,True
357780,01489648,솔브레인,KOSDAQ,화학,True,False,True,False,True
363280,01497869,티와이홀딩스,KOSPI,기타금융,True,False,True,False,True
900140,NaN,엘브이엠씨홀딩스,NaN,유통,True,False,True,False,True
950130,00956028,엑세스바이오,KOSDAQ,제약,True,False,True,False,True
950160,01245062,코오롱티슈진,KOSDAQ,제약,True,False,True,False,True
950190,01416235,고스트스튜디오,KOSDAQ,출판·매체복제,True,False,True,False,True
950200,01442115,소마젠,KOSDAQ,일반서비스,True,False,True,False,True
