﻿stockcode,dartcode,name,market,gics,2023_배당,2023_자사주,2024_배당,2024_자사주,최근2년_활동
000020,00119195,동화약품,KOSPI,제약,True,True,False,False,False
000070,00126937,삼양홀딩스,KOSPI,기타금융,True,False,False,False,False
000080,00150244,하이트진로,KOSPI,음식료·담배,True,False,False,False,False
000100,00145109,유한양행,KOSPI,제약,True,False,False,False,False
000120,00113410,CJ대한통운,KOSPI,운송·창고,True,False,False,False,False
000150,00117212,두산,KOSPI,일반서비스,True,False,False,False,False
000210,00109693,DL,KOSPI,건설,True,False,False,False,False
000240,00160047,한국앤컴퍼니,KOSPI,기타금융,True,False,False,False,False
000250,00128546,삼천당제약,KOSDAQ,제약,True,False,False,True,True
000270,00106641,기아,KOSPI,운송장비·부품,True,True,False,True,True
000370,00135917,한화손해보험,KOSPI,보험,True,False,False,False,False
000400,00113562,롯데손해보험,KOSPI,보험,True,False,False,False,False
000430,00111847,대원강업,KOSPI,운송장비·부품,True,False,False,False,False
000480,NaN,CR홀딩스,NaN,비금속,True,False,False,False,False
000490,00109286,대동,KOSPI,기계·장비,True,True,False,True,True
000640,00116824,동아쏘시오홀딩스,KOSPI,기타금융,True,False,False,False,False
000660,00164779,SK하이닉스,KOSPI,전기·전자,True,True,False,True,True
000670,00141307,영풍,KOSPI,금속,True,False,False,False,False
000680,00104698,LS네트웍스,KOSPI,유통,True,True,False,False,False
000720,00164478,현대건설,KOSPI,건설,True,False,False,False,False
000810,NaN,삼성화재,NaN,보험,True,False,False,False,False
000880,00160588,한화,KOSPI,화학,True,False,False,False,False
000990,00160843,DB하이텍,KOSPI,전기·전자,True,False,False,False,False
001040,00148540,CJ,KOSPI,기타금융,True,False,False,False,False
001060,00149947,JW중외제약,KOSPI,제약,True,False,False,False,False
001120,00120076,LX인터내셔널,KOSPI,유통,True,False,False,False,False
001200,NaN,유진투자증권,NaN,증권,True,False,False,False,False
001230,00114792,동국홀딩스,KOSPI,금속,True,False,False,False,False
001390,00101220,KG케미칼,KOSPI,화학,True,False,False,False,False
001430,00106669,세아베스틸지주,KOSPI,금속,True,False,False,False,False
001440,00113207,대한전선,KOSPI,전기·전자,True,False,False,False,False
001450,00164973,현대해상,KOSPI,보험,True,False,False,False,False
001460,00122579,BYC,KOSPI,섬유·의류,True,False,False,False,False
001470,00125974,삼부토건,KOSPI,건설,True,False,False,False,False
001500,00137997,현대차증권,KOSPI,증권,True,False,False,False,False
001510,00131850,SK증권,KOSPI,증권,True,False,False,False,False
001530,NaN,DI동일,NaN,유통,True,False,False,False,False
001570,00106119,금양,KOSPI,화학,True,True,False,True,True
001630,00149354,종근당홀딩스,KOSPI,기타금융,True,False,False,False,False
001680,00121941,대상,KOSPI,음식료·담배,True,False,False,False,False
001720,00136721,신영증권,KOSPI,증권,True,True,True,True,True
001740,00131780,SK네트웍스,KOSPI,유통,True,True,False,True,True
001780,00117027,알루코,KOSPI,금속,True,False,False,False,False
001790,00113234,대한제당,KOSPI,음식료·담배,True,False,False,False,False
001800,00117577,오리온홀딩스,KOSPI,기타금융,True,False,False,False,False
001820,NaN,삼화콘덴서,NaN,전기·전자,True,False,False,False,False
001940,00159740,KISCO홀딩스,KOSPI,기타금융,True,False,False,False,False
002030,00138701,아세아,KOSPI,일반서비스,True,False,False,False,False
002150,00114552,도화엔지니어링,KOSPI,일반서비스,True,False,False,False,False
002240,00103006,고려제강,KOSPI,금속,True,False,False,False,False
002310,00138729,아세아제지,KOSPI,종이·목재,True,False,False,False,False
002320,00163512,한진,KOSPI,운송·창고,True,False,False,False,False
002350,00173874,넥센타이어,KOSPI,화학,True,False,False,False,False
002380,NaN,KCC,NaN,화학,True,False,False,False,False
002710,00117300,TCC스틸,KOSPI,금속,True,True,False,False,False
002790,NaN,아모레G,NaN,기타금융,True,True,False,True,True
002840,00121932,미원상사,KOSPI,화학,True,True,False,True,True
002900,00117230,TYM,KOSPI,기계·장비,True,False,False,False,False
002960,00158149,한국쉘석유,KOSPI,화학,True,False,False,False,False
003000,00123718,부광약품,KOSPI,제약,True,False,False,False,False
003030,00124197,세아제강지주,KOSPI,기타금융,True,False,False,False,False
003090,00111810,대웅,KOSPI,기타금융,True,False,False,False,False
003120,00146214,일성아이에스,KOSPI,제약,True,False,False,False,False
003220,00111999,대원제약,KOSPI,제약,True,False,False,False,False
003230,00126955,삼양식품,KOSPI,음식료·담배,True,False,False,False,False
003240,00153393,태광산업,KOSPI,화학,True,False,False,False,False
003280,00167208,흥아해운,KOSPI,운송·창고,True,False,False,False,False
003300,00162993,한일홀딩스,KOSPI,일반서비스,True,False,False,False,False
003380,00148364,하림지주,KOSDAQ,금융,True,False,False,False,False
003470,00117601,유안타증권,KOSPI,증권,True,False,False,False,False
003490,00113526,대한항공,KOSPI,운송·창고,True,False,False,False,False
003520,00141149,영진약품,KOSPI,제약,True,False,False,False,False
003530,00148610,한화투자증권,KOSPI,증권,True,False,False,False,False
003540,00110893,대신증권,KOSPI,증권,True,True,False,True,True
003550,00120021,LG,KOSPI,기타금융,True,False,False,False,False
003570,00134477,SNT다이내믹스,KOSPI,운송장비·부품,True,False,False,False,False
003620,00138242,KG모빌리티,KOSPI,운송장비·부품,True,False,False,False,False
003670,00155276,포스코퓨처엠,KOSPI,비금속,True,True,False,True,True
003690,00113191,코리안리,KOSPI,보험,True,False,False,False,False
003800,00140052,에이스침대,KOSDAQ,기타제조,True,False,False,False,False
003850,00123143,보령,KOSPI,제약,True,False,False,False,False
003920,00107598,남양유업,KOSPI,음식료·담배,True,False,False,False,False
003960,00109718,사조대림,KOSPI,음식료·담배,True,True,False,True,True
004000,00157681,롯데정밀화학,KOSPI,화학,True,False,False,False,False
004020,00145880,현대제철,KOSPI,금속,True,False,False,False,False
004170,00136378,신세계,KOSPI,유통,True,False,False,False,False
004370,00108241,농심,KOSPI,음식료·담배,True,False,False,True,True
004430,00134963,송원산업,KOSPI,화학,True,False,False,False,False
004490,00133858,세방전지,KOSPI,전기·전자,True,True,False,True,True
004690,00128555,삼천리,KOSPI,전기·가스,True,False,False,False,False
004700,00148939,조광피혁,KOSPI,기타제조,True,False,False,False,False
004800,00117188,효성,KOSPI,화학,True,False,False,True,True
004990,00120562,롯데지주,KOSPI,기타금융,True,False,False,False,False
005010,00156488,휴스틸,KOSPI,금속,True,False,False,False,False
005070,00129989,코스모신소재,KOSPI,화학,True,False,False,False,False
005090,00125150,SGC에너지,KOSPI,전기·가스,True,False,False,False,False
005180,00124726,빙그레,KOSPI,음식료·담배,True,False,False,False,False
005250,00108135,녹십자홀딩스,KOSPI,일반서비스,True,False,False,False,False
005290,00118804,동진쎄미켐,KOSDAQ,반도체,True,False,False,False,False
005300,NaN,롯데칠성,NaN,음식료·담배,True,False,False,False,False
005380,NaN,현대차,NaN,운송장비·부품,True,True,False,True,True
005390,00136341,신성통상,KOSPI,유통,True,False,True,False,True
005420,00160302,코스모화학,KOSPI,화학,True,False,False,False,False
005440,00105280,현대지에프홀딩스,KOSPI,유통,True,False,False,False,False
005490,00155319,POSCO홀딩스,KOSPI,금속,True,True,False,False,False
005500,00128412,삼진제약,KOSPI,제약,True,False,False,False,False
005610,00125530,SPC삼립,KOSPI,음식료·담배,True,False,False,False,False
005690,00145163,파미셀,KOSPI,제약,True,False,False,False,False
005810,00155531,풍산홀딩스,KOSPI,기타금융,True,False,False,False,False
005830,00159102,DB손해보험,KOSPI,보험,True,False,False,False,False
005850,00125521,에스엘,KOSPI,운송장비·부품,True,False,False,False,False
005880,00113535,대한해운,KOSPI,운송·창고,True,False,False,True,True
005930,00126380,삼성전자,KOSPI,전기·전자,True,False,False,False,False
005940,00120182,NH투자증권,KOSPI,증권,True,False,False,False,False
005950,00145552,이수화학,KOSPI,화학,True,False,False,False,False
006040,00118026,동원산업,KOSPI,"농업, 임업 및 어업",True,False,False,False,False
006110,00126779,삼아알미늄,KOSPI,금속,True,False,False,False,False
006120,00131832,SK디스커버리,KOSPI,기타금융,True,False,False,False,False
006220,00148832,제주은행,KOSPI,은행,True,False,False,False,False
006260,00105952,LS,KOSPI,기타금융,True,False,False,False,False
006280,00129679,녹십자,KOSPI,제약,True,False,False,False,False
006360,00120030,GS건설,KOSPI,건설,True,False,False,False,False
006390,00164672,한일현대시멘트,KOSPI,비금속,True,False,False,False,False
006400,00126362,삼성SDI,KOSPI,전기·전자,True,False,False,False,False
006650,00260383,대한유화,KOSPI,화학,True,False,False,False,False
006730,00130383,서부T&D,KOSDAQ,유통,True,False,False,False,False
006800,00111722,미래에셋증권,KOSPI,증권,True,False,False,False,False
007070,00140177,GS리테일,KOSPI,유통,True,True,False,False,False
007310,00141529,오뚜기,KOSPI,음식료·담배,True,False,False,False,False
007340,00116949,DN오토모티브,KOSPI,전기·전자,True,False,False,False,False
007390,00117276,네이처셀,KOSDAQ,음식료·담배,True,False,False,False,False
007460,00152385,에이프로젠,KOSPI,기계·장비,True,False,False,False,False
007570,00146454,일양약품,KOSPI,제약,True,False,False,False,False
007660,00107613,이수페타시스,KOSPI,전기·전자,True,False,False,False,False
007690,00104388,국도화학,KOSPI,화학,True,False,False,False,False
007700,NaN,F&F홀딩스,NaN,섬유·의류,True,False,False,False,False
007810,00152686,코리아써키트,KOSPI,전기·전자,True,False,False,False,False
008350,00107224,남선알미늄,KOSPI,금속,True,False,False,False,False
008490,00131692,서흥,KOSPI,화학,True,False,False,False,False
008730,00145260,율촌화학,KOSPI,화학,True,False,False,False,False
008770,00165680,호텔신라,KOSPI,유통,True,False,False,True,True
008930,00161426,한미사이언스,KOSPI,기타금융,True,False,False,False,False
009150,00126371,삼성전기,KOSPI,전기·전자,True,False,False,False,False
009160,00138260,SIMPAC,KOSPI,기계·장비,True,False,False,False,False
009240,00161693,한샘,KOSPI,유통,True,True,False,False,False
009290,00103592,광동제약,KOSPI,제약,True,False,False,False,False
009420,00162586,한올바이오파마,KOSPI,제약,True,True,False,True,True
009450,00101488,경동나비엔,KOSPI,전기·전자,True,False,False,False,False
009520,00128111,포스코엠텍,KOSDAQ,금속,True,False,False,True,True
009540,00164830,HD한국조선해양,KOSPI,운송장비·부품,True,False,False,False,False
009680,00151128,모토닉,KOSPI,운송장비·부품,True,False,False,False,False
009830,00162461,한화솔루션,KOSPI,화학,True,False,False,True,True
009900,00173078,명신산업,KOSPI,운송장비·부품,True,False,False,False,False
009970,00140964,영원무역홀딩스,KOSPI,기타금융,True,False,False,False,False
010060,00148896,OCI홀딩스,KOSPI,화학,True,False,False,False,False
010120,NaN,LS ELECTRIC,NaN,전기·전자,True,False,False,True,True
010130,00102858,고려아연,KOSPI,금속,True,False,False,False,False
010140,00126478,삼성중공업,KOSPI,운송장비·부품,True,False,False,False,False
010620,00164609,HD현대미포,KOSPI,운송장비·부품,True,False,False,False,False
010690,00166315,화신,KOSPI,운송장비·부품,True,False,False,False,False
010780,00115977,아이에스동서,KOSPI,비금속,True,False,False,False,False
010950,00138279,S-Oil,KOSPI,화학,True,False,False,False,False
011070,00105961,LG이노텍,KOSPI,전기·전자,True,False,False,False,False
011170,00165413,롯데케미칼,KOSPI,화학,True,False,False,False,False
011200,00164645,HMM,KOSPI,운송·창고,True,False,False,False,False
011210,00106623,현대위아,KOSPI,운송장비·부품,True,False,False,False,False
011760,00164812,현대코퍼레이션,KOSPI,유통,True,False,False,False,False
011780,NaN,금호석유,NaN,화학,True,False,False,False,False
011790,00139889,SKC,KOSPI,화학,True,True,False,True,True
011810,00138297,STX,KOSPI,유통,True,False,False,False,False
011930,00136271,신성이엔지,KOSPI,전기·전자,True,False,False,False,False
012030,00163345,DB,KOSPI,일반서비스,True,False,False,False,False
012330,00164788,현대모비스,KOSPI,운송장비·부품,True,True,False,True,True
012450,00126566,한화에어로스페이스,KOSPI,운송장비·부품,True,False,False,False,False
012510,00172291,더존비즈온,KOSPI,일반서비스,True,True,False,False,False
012630,00164636,HDC,KOSPI,기타금융,True,False,False,False,False
012750,00158501,에스원,KOSPI,일반서비스,True,False,False,False,False
013030,00165060,하이록코리아,KOSDAQ,금속,True,False,False,True,True
013120,00117966,동원개발,KOSDAQ,건설,True,False,False,False,False
013890,00150633,지누스,KOSPI,기타제조,True,False,False,False,False
014620,00132318,성광벤드,KOSDAQ,금속,True,False,False,False,False
014680,00140955,한솔케미칼,KOSPI,화학,True,False,False,True,True
014820,00132637,동원시스템즈,KOSPI,화학,True,False,False,False,False
014830,00159786,유니드,KOSPI,화학,True,False,False,True,True
015750,00132992,성우하이텍,KOSDAQ,운송장비·부품,True,False,False,False,False
015760,NaN,한국전력,NaN,전기·가스,True,False,False,False,False
016360,00104856,삼성증권,KOSPI,증권,True,False,False,False,False
016380,00115676,KG스틸,KOSPI,금속,True,False,False,False,False
016580,00166573,환인제약,KOSPI,제약,True,False,False,False,False
016790,00164618,현대사료,KOSDAQ,음식료·담배,True,False,False,False,False
016800,00161709,퍼시스,KOSPI,기타제조,True,False,False,False,False
017390,NaN,서울가스,NaN,전기·가스,True,False,False,True,True
017670,00159023,SK텔레콤,KOSPI,통신,True,True,False,True,True
017800,NaN,현대엘리베이,NaN,기계·장비,True,True,False,False,False
017810,00155355,풀무원,KOSPI,기타금융,True,False,False,True,True
017890,00158565,한국알콜,KOSDAQ,화학,True,False,False,False,False
017940,00165583,E1,KOSPI,유통,True,False,False,False,False
017960,00159795,한국카본,KOSPI,기계·장비,True,False,False,False,False
018250,00139454,애경산업,KOSPI,화학,True,False,False,False,False
018260,00126186,삼성에스디에스,KOSPI,일반서비스,True,False,False,False,False
018290,00150165,브이티,KOSDAQ,전기·전자,True,True,False,False,False
018470,00149239,조일알미늄,KOSPI,금속,True,False,False,False,False
018670,00144164,SK가스,KOSPI,유통,True,False,False,False,False
018880,00161125,한온시스템,KOSPI,기계·장비,True,False,False,False,False
019170,00137359,신풍제약,KOSPI,제약,True,False,False,False,False
020000,00188089,한섬,KOSPI,섬유·의류,True,False,False,False,False
020150,00113997,롯데에너지머티리얼즈,KOSPI,전기·전자,True,False,False,False,False
020560,00138792,아시아나항공,KOSPI,운송·창고,True,False,False,False,False
021240,00170558,코웨이,KOSPI,일반서비스,True,False,False,False,False
022100,00155212,포스코DX,KOSPI,일반서비스,True,True,False,False,False
023160,00153375,태광,KOSDAQ,금속,True,False,False,False,False
023410,00184667,유진기업,KOSDAQ,비금속,True,False,False,False,False
023530,00120526,롯데쇼핑,KOSPI,유통,True,False,False,False,False
023590,00176914,다우기술,KOSPI,일반서비스,True,False,False,False,False
024110,00149646,기업은행,KOSPI,은행,True,False,False,False,False
024720,00203290,콜마홀딩스,KOSPI,기타금융,True,False,False,False,False
025320,00203023,시노펙스,KOSDAQ,IT부품,True,True,False,True,True
025540,NaN,한국단자,NaN,전기·전자,True,False,False,False,False
025770,00159342,한국정보통신,KOSDAQ,통신서비스,True,False,False,False,False
025860,00107987,남해화학,KOSPI,화학,True,False,False,False,False
025900,00173032,동화기업,KOSDAQ,종이·목재,True,False,False,False,False
025980,00161781,아난티,KOSDAQ,오락·문화,True,False,False,False,False
026890,00117498,스틱인베스트먼트,KOSPI,전기·전자,True,False,False,True,True
026960,00144395,동서,KOSPI,유통,True,False,False,False,False
027360,00156895,아주IB투자,KOSDAQ,금융,True,True,False,False,False
027410,00219097,BGF,KOSPI,기타금융,True,False,False,False,False
028050,00126308,삼성E&A,KOSPI,일반서비스,True,False,False,False,False
028260,00149655,삼성물산,KOSPI,유통,True,False,False,False,False
028300,00199252,HLB,KOSDAQ,운송장비·부품,True,False,False,True,True
028670,00122737,팬오션,KOSPI,운송·창고,True,False,False,False,False
029460,00209780,케이씨,KOSPI,의료·정밀기기,True,False,False,False,False
029530,00135795,신도리코,KOSPI,전기·전자,True,False,False,False,False
029780,00126292,삼성카드,KOSPI,기타금융,True,False,False,False,False
029960,00197476,코엔텍,KOSDAQ,일반서비스,True,False,False,False,False
030000,00148276,제일기획,KOSPI,일반서비스,True,False,False,False,False
030190,00158325,NICE평가정보,KOSPI,일반서비스,True,False,False,False,False
030200,NaN,KT,NaN,통신,True,True,False,True,True
030520,00204262,한글과컴퓨터,KOSDAQ,소프트웨어,True,False,False,True,True
030530,00216647,원익홀딩스,KOSDAQ,금융,True,False,False,False,False
030610,00113359,교보증권,KOSPI,증권,True,False,False,False,False
031330,00128661,에스에이엠티,KOSDAQ,유통,True,False,False,False,False
031430,00234412,신세계인터내셔날,KOSPI,유통,True,False,False,False,False
031980,00208444,피에스케이홀딩스,KOSDAQ,반도체,True,True,False,False,False
032190,00238782,다우데이타,KOSDAQ,유통,True,False,False,False,False
032300,00187770,한국파마,KOSDAQ,제약,True,False,False,False,False
032350,00231372,롯데관광개발,KOSPI,일반서비스,True,False,False,False,False
032500,00226352,케이엠더블유,KOSDAQ,통신장비,True,False,False,False,False
032620,00220057,유비케어,KOSDAQ,소프트웨어,True,False,False,False,False
032640,00231363,LG유플러스,KOSPI,통신,True,False,False,False,False
032830,00126256,삼성생명,KOSPI,보험,True,False,False,False,False
033160,00121686,엠케이전자,KOSDAQ,반도체,True,False,False,False,False
033240,00146861,자화전자,KOSPI,전기·전자,True,False,False,True,True
033270,NaN,유나이티드제약,NaN,제약,True,False,False,False,False
033290,00155948,코웰패션,KOSDAQ,섬유·의류,True,False,False,False,False
033500,00231105,동성화인텍,KOSDAQ,화학,True,False,False,False,False
033640,00227333,네패스,KOSDAQ,반도체,True,False,False,True,True
033780,NaN,KT&G,NaN,기타제조,True,False,False,True,True
034020,00159616,두산에너빌리티,KOSPI,기계·장비,True,False,False,False,False
034120,00130772,SBS,KOSPI,일반서비스,True,True,False,False,False
034220,00105873,LG디스플레이,KOSPI,전기·전자,True,False,False,False,False
034230,00171265,파라다이스,KOSPI,오락·문화,True,False,False,False,False
034310,00158316,NICE,KOSPI,일반서비스,True,False,False,False,False
034730,00181712,SK,KOSPI,기타금융,True,True,False,True,True
034810,00219361,해성산업,KOSDAQ,금융,True,False,False,False,False
034830,00233653,한국토지신탁,KOSPI,기타금융,True,False,False,False,False
034950,00156956,한국기업평가,KOSDAQ,일반서비스,True,False,False,False,False
035150,00122551,백산,KOSPI,화학,True,False,False,False,False
035250,00255619,강원랜드,KOSPI,일반서비스,True,False,False,False,False
035420,00266961,NAVER,KOSPI,일반서비스,True,True,False,True,True
035600,00264547,KG이니시스,KOSDAQ,소프트웨어,True,False,False,False,False
035720,00258801,카카오,KOSPI,일반서비스,True,True,False,True,True
035760,00265324,CJ ENM,KOSDAQ,방송서비스,True,False,False,False,False
035890,00219848,서희건설,KOSDAQ,건설,True,False,False,False,False
035900,00258689,JYP Ent.,KOSDAQ,오락·문화,True,False,False,False,False
036030,00260958,케이티알파,KOSDAQ,유통,True,False,False,False,False
036200,00260569,유니셈,KOSDAQ,반도체,True,False,False,False,False
036420,00203315,콘텐트리중앙,KOSPI,금융,True,False,False,False,False
036460,00261285,한국가스공사,KOSPI,전기·가스,True,False,False,False,False
036530,00225159,SNT홀딩스,KOSPI,기타금융,True,False,False,False,False
036540,00301246,SFA반도체,KOSDAQ,반도체,True,False,False,False,False
036570,00261443,엔씨소프트,KOSPI,일반서비스,True,False,False,False,False
036810,00223434,에프에스티,KOSDAQ,반도체,True,True,False,True,True
036830,00247975,솔브레인홀딩스,KOSDAQ,화학,True,False,False,False,False
036930,00252135,주성엔지니어링,KOSDAQ,반도체,True,False,False,False,False
037270,00249247,YG PLUS,KOSPI,일반서비스,True,False,False,False,False
037560,00222532,LG헬로비전,KOSPI,일반서비스,True,False,False,False,False
038500,00239639,삼표시멘트,KOSDAQ,비금속,True,False,False,False,False
039030,00246417,이오테크닉스,KOSDAQ,반도체,True,False,False,False,False
039130,00269940,하나투어,KOSPI,일반서비스,True,False,False,False,False
039200,00263654,오스코텍,KOSDAQ,제약,True,False,False,False,False
039440,00298340,에스티아이,KOSDAQ,반도체,True,False,False,False,False
039490,00296290,키움증권,KOSPI,증권,True,False,False,False,False
039840,00115931,디오,KOSDAQ,의료·정밀기기,True,False,False,True,True
040300,00200275,YTN,KOSDAQ,방송서비스,True,False,False,False,False
041190,00231664,우리기술투자,KOSDAQ,금융,True,False,False,False,False
041510,00260930,에스엠,KOSDAQ,오락·문화,True,False,False,True,True
041830,00269922,인바디,KOSDAQ,의료·정밀기기,True,False,False,False,False
041960,00187415,코미팜,KOSDAQ,제약,True,False,False,False,False
042000,00260879,카페24,KOSDAQ,인터넷,True,False,False,False,False
042600,00147994,새로닉스,KOSDAQ,IT부품,True,False,False,False,False
042660,00111704,한화오션,KOSPI,운송장비·부품,True,False,False,False,False
042670,00344287,HD현대인프라코어,KOSPI,기계·장비,True,False,False,False,False
042700,00161383,한미반도체,KOSPI,기계·장비,True,True,False,False,False
043150,00264255,바텍,KOSDAQ,의료·정밀기기,True,False,False,False,False
044490,00186799,태웅,KOSDAQ,금속,True,False,False,False,False
045100,00216762,한양이엔지,KOSDAQ,일반서비스,True,False,False,False,False
046890,00130763,서울반도체,KOSDAQ,반도체,True,False,False,False,False
047040,00124540,대우건설,KOSPI,건설,True,False,False,False,False
047050,00124504,포스코인터내셔널,KOSPI,유통,True,True,False,True,True
047810,00309503,한국항공우주,KOSPI,운송장비·부품,True,False,False,False,False
047920,00336817,HLB제약,KOSDAQ,일반서비스,True,False,False,False,False
048410,00313649,현대바이오,KOSDAQ,화학,True,False,False,False,False
048530,00292434,인트론바이오,KOSDAQ,제약,True,False,False,False,False
049070,00226866,인탑스,KOSDAQ,IT부품,True,False,False,False,False
049770,00340917,동원F&B,KOSPI,음식료·담배,True,False,False,False,False
049950,00447760,미래컴퍼니,KOSDAQ,기계·장비,True,False,False,False,False
050890,00364403,쏠리드,KOSDAQ,통신장비,True,False,False,False,False
051370,00369170,인터플렉스,KOSDAQ,IT부품,True,False,False,False,False
051500,00127954,CJ프레시웨이,KOSDAQ,유통,True,False,False,False,False
051600,00159218,한전KPS,KOSPI,건설,True,False,False,False,False
051900,00356370,LG생활건강,KOSPI,화학,True,False,False,False,False
051910,00356361,LG화학,KOSPI,화학,True,False,False,False,False
052020,00273110,에스티큐브,KOSDAQ,IT부품,True,False,False,False,False
052400,00349732,코나아이,KOSDAQ,소프트웨어,True,True,False,True,True
052690,00159209,한전기술,KOSPI,일반서비스,True,False,False,False,False
053030,00216027,바이넥스,KOSDAQ,제약,True,False,False,False,False
053210,NaN,스카이라이프,NaN,일반서비스,True,True,False,True,True
053610,00325112,프로텍,KOSDAQ,반도체,True,False,False,False,False
053800,00298270,안랩,KOSDAQ,소프트웨어,True,False,False,False,False
054210,00206659,이랜텍,KOSDAQ,IT부품,True,False,False,False,False
054950,00361381,제이브이엠,KOSDAQ,기계·장비,True,False,False,False,False
055550,00382199,신한지주,KOSPI,기타금융,True,False,False,True,True
056190,00358271,에스에프에이,KOSDAQ,기계·장비,True,False,False,False,False
057050,00412597,현대홈쇼핑,KOSPI,유통,True,False,False,False,False
058430,00155258,포스코스틸리온,KOSPI,금속,True,True,False,False,False
058470,00369657,리노공업,KOSDAQ,반도체,True,False,False,False,False
058610,00220686,에스피지,KOSDAQ,IT부품,True,False,False,False,False
058650,00377610,세아홀딩스,KOSPI,기타금융,True,False,False,False,False
058820,00380429,CMG제약,KOSDAQ,제약,True,False,False,False,False
059090,00366942,미코,KOSDAQ,반도체,True,False,False,False,False
060150,00375931,인선이엔티,KOSDAQ,일반서비스,True,False,False,False,False
060250,00357740,NHN KCP,KOSDAQ,소프트웨어,True,False,False,False,False
060280,00356802,큐렉소,KOSDAQ,유통,True,False,False,False,False
060590,00362292,씨티씨바이오,KOSDAQ,유통,True,False,False,False,False
060720,00378628,KH바텍,KOSDAQ,IT부품,True,False,False,False,False
060980,00299002,HL홀딩스,KOSPI,기타금융,True,False,False,True,True
061970,00412348,LB세미콘,KOSDAQ,반도체,True,False,False,False,False
063080,00535746,컴투스홀딩스,KOSDAQ,디지털컨텐츠,True,True,False,True,True
064260,00389970,다날,KOSDAQ,디지털컨텐츠,True,False,False,False,False
064290,00479787,인텍플러스,KOSDAQ,반도체,True,False,False,False,False
064350,00302926,현대로템,KOSPI,운송장비·부품,True,False,False,False,False
064550,00326731,바이오니아,KOSDAQ,제약,True,False,False,False,False
064760,00245472,티씨케이,KOSDAQ,반도체,True,False,False,False,False
064960,00398792,SNT모티브,KOSPI,운송장비·부품,True,False,False,False,False
065350,00136226,신성델타테크,KOSDAQ,전기·전자,True,True,False,False,False
066570,00401731,LG전자,KOSPI,전기·전자,True,False,False,False,False
066970,00398701,엘앤에프,KOSPI,IT부품,True,True,False,False,False
067160,00399694,SOOP,KOSDAQ,소프트웨어,True,True,False,True,True
067310,00445054,하나마이크론,KOSDAQ,반도체,True,False,False,False,False
067630,00365590,HLB생명과학,KOSDAQ,일반서비스,True,False,False,False,False
068240,00523307,다원시스,KOSDAQ,IT부품,True,True,False,False,False
068270,00413046,셀트리온,KOSPI,제약,True,False,False,False,False
068760,00541349,셀트리온제약,KOSDAQ,제약,True,False,False,False,False
069080,00405320,웹젠,KOSDAQ,디지털컨텐츠,True,False,False,False,False
069260,NaN,TKG휴켐스,NaN,화학,True,False,False,False,False
069620,00427483,대웅제약,KOSPI,제약,True,True,False,False,False
069960,00428251,현대백화점,KOSPI,유통,True,False,False,False,False
071050,00432102,한국금융지주,KOSPI,기타금융,True,False,False,False,False
071320,00159698,지역난방공사,KOSPI,전기·가스,True,False,False,False,False
071970,00406046,HD현대마린엔진,KOSPI,기계·장비,True,False,False,False,False
072710,00459871,농심홀딩스,KOSPI,기타금융,True,False,False,False,False
073240,00481454,금호타이어,KOSPI,화학,True,False,False,False,False
074600,00468374,원익QnC,KOSDAQ,비금속,True,False,False,False,False
074610,00469799,이엔플러스,KOSPI,기계·장비,True,False,False,False,False
075580,00415628,세진중공업,KOSPI,운송장비·부품,True,False,False,True,True
077360,00471068,덕산하이메탈,KOSDAQ,전기·전자,True,False,False,False,False
077970,00480455,STX엔진,KOSPI,기계·장비,True,False,False,False,False
078160,00453929,메디포스트,KOSDAQ,제약,True,False,False,False,False
078340,00476498,컴투스,KOSDAQ,디지털컨텐츠,True,True,False,True,True
078600,00177816,대주전자재료,KOSDAQ,IT부품,True,True,False,True,True
078930,00500254,GS,KOSPI,기타금융,True,False,False,False,False
079160,00303873,CJ CGV,KOSPI,일반서비스,True,False,False,False,False
079370,00442570,제우스,KOSDAQ,기계·장비,True,True,False,False,False
079550,00503668,LIG넥스원,KOSPI,기계·장비,True,False,False,False,False
080160,00456218,모두투어,KOSDAQ,일반서비스,True,True,False,False,False
081660,00195229,휠라홀딩스,KOSPI,유통,True,False,False,False,False
082270,00492894,젬백스,KOSDAQ,기계·장비,True,False,False,True,True
082640,00117267,동양생명,KOSPI,보험,True,True,False,True,True
082740,00361008,한화엔진,KOSPI,기계·장비,True,False,False,False,False
082920,00154718,비츠로셀,KOSDAQ,IT부품,True,True,False,True,True
083310,00484682,엘오티베큠,KOSDAQ,반도체,True,False,False,False,False
083450,00540863,GST,KOSDAQ,반도체,True,False,False,True,True
084010,00113225,대한제강,KOSPI,금속,True,False,False,False,False
084110,00228059,휴온스글로벌,KOSDAQ,금융,True,False,False,False,False
084370,00531014,유진테크,KOSDAQ,반도체,True,True,False,True,True
084650,00545114,랩지노믹스,KOSDAQ,일반서비스,True,False,False,False,False
084680,00540605,이월드,KOSPI,일반서비스,True,False,False,True,True
084690,00539274,대상홀딩스,KOSPI,기타금융,True,False,False,False,False
084850,00579980,아이티엠반도체,KOSDAQ,반도체,True,True,False,False,False
084990,00359395,헬릭스미스,KOSDAQ,일반서비스,True,False,False,False,False
085620,00112332,미래에셋생명,KOSPI,보험,True,False,False,False,False
085660,00525679,차바이오텍,KOSDAQ,제약,True,False,False,False,False
086280,00360595,현대글로비스,KOSPI,운송·창고,True,False,False,False,False
086390,00540447,유니테스트,KOSDAQ,반도체,True,False,False,False,False
086450,00114808,동국제약,KOSDAQ,제약,True,True,False,True,True
086520,00536541,에코프로,KOSDAQ,IT부품,True,False,False,True,True
086790,00547583,하나금융지주,KOSPI,기타금융,True,False,False,False,False
086900,00580199,메디톡스,KOSDAQ,제약,True,True,False,True,True
087010,00415868,펩트론,KOSDAQ,제약,True,False,False,False,False
088260,00544452,이리츠코크렙,KOSPI,일반서비스,True,False,True,False,True
088350,00113058,한화생명,KOSPI,보험,True,False,False,False,False
088980,00435297,맥쿼리인프라,KOSPI,기타금융,False,False,False,False,False
089010,00371485,켐트로닉스,KOSDAQ,화학,True,False,False,False,False
089030,00535676,테크윙,KOSDAQ,반도체,True,False,False,False,False
089590,00555874,제주항공,KOSPI,운송·창고,True,False,False,False,False
089600,00486097,나스미디어,KOSDAQ,일반서비스,True,False,False,False,False
089860,00545716,롯데렌탈,KOSPI,일반서비스,True,False,False,False,False
089970,00544577,브이엠,KOSDAQ,기계·장비,True,True,False,True,True
089980,00181299,상아프론테크,KOSDAQ,화학,True,False,False,False,False
090360,00536523,로보스타,KOSDAQ,기계·장비,True,False,False,False,False
090430,00583424,아모레퍼시픽,KOSPI,화학,True,True,False,True,True
090460,00447609,비에이치,KOSPI,IT부품,True,False,False,False,False
090710,00540429,휴림로봇,KOSDAQ,기계·장비,True,False,False,False,False
091120,00541163,이엠텍,KOSDAQ,IT부품,True,True,False,True,True
091700,00490151,파트론,KOSDAQ,IT부품,True,False,False,False,False
091810,00671376,티웨이항공,KOSPI,운송·창고,True,False,False,False,False
092220,00589127,KEC,KOSPI,전기·전자,True,False,False,False,False
093050,00593032,LF,KOSPI,섬유·의류,True,False,False,False,False
093320,00603348,케이아이엔엑스,KOSDAQ,인터넷,True,False,False,False,False
093370,00595191,후성,KOSPI,화학,True,False,False,False,False
094480,00587457,갤럭시아머니트리,KOSDAQ,소프트웨어,True,False,False,False,False
094800,00600013,맵스리얼티1,KOSPI,기타금융,False,False,False,False,False
095340,00572905,ISC,KOSDAQ,반도체,True,False,False,False,False
095500,00526836,미래나노텍,KOSDAQ,IT부품,True,True,False,False,False
095610,00524421,테스,KOSDAQ,반도체,True,False,False,False,False
095660,00628860,네오위즈,KOSDAQ,디지털컨텐츠,True,True,False,True,True
095700,00545929,제넥신,KOSDAQ,일반서비스,True,False,False,False,False
095720,00628189,웅진씽크빅,KOSPI,일반서비스,True,False,False,False,False
096530,00788773,씨젠,KOSDAQ,제약,True,False,False,True,True
096760,00632304,JW홀딩스,KOSPI,기타금융,True,False,False,False,False
096770,00631518,SK이노베이션,KOSPI,기타금융,True,True,False,True,True
097230,00633835,HJ중공업,KOSPI,건설,True,False,False,False,False
097520,00564562,엠씨넥스,KOSPI,IT부품,True,False,False,False,False
097950,00635134,CJ제일제당,KOSPI,음식료·담배,True,False,False,False,False
098460,00579999,고영,KOSDAQ,기계·장비,True,False,False,True,True
099190,00550994,아이센스,KOSDAQ,의료·정밀기기,True,True,False,True,True
099320,00449254,쎄트렉아이,KOSDAQ,통신장비,True,False,False,False,False
099430,00636656,바이오플러스,KOSDAQ,제약,True,False,False,False,False
100090,00480367,SK오션플랜트,KOSPI,금속,True,False,False,False,False
100120,00609324,뷰웍스,KOSDAQ,의료·정밀기기,True,False,False,False,False
100790,00340096,미래에셋벤처투자,KOSDAQ,금융,True,False,False,False,False
101160,00580065,월덱스,KOSDAQ,반도체,True,False,False,False,False
101360,00619640,에코앤드림,KOSDAQ,화학,True,False,False,True,True
101490,00411048,에스앤에스텍,KOSDAQ,반도체,True,True,False,True,True
101670,00527491,하이드로리튬,KOSDAQ,금속,True,False,False,False,False
101730,00643656,위메이드맥스,KOSDAQ,디지털컨텐츠,True,False,False,False,False
102120,00591441,어보브반도체,KOSDAQ,반도체,True,False,False,True,True
102460,00145598,이연제약,KOSPI,제약,True,False,False,False,False
102710,00530185,이엔에프테크놀로지,KOSDAQ,화학,True,False,False,False,False
102940,00525642,코오롱생명과학,KOSDAQ,제약,True,False,False,False,False
103140,00684714,풍산,KOSPI,금속,True,False,False,False,False
104460,00602136,디와이피엔에프,KOSDAQ,기계·장비,True,False,False,False,False
104700,00687711,한국철강,KOSPI,금속,True,False,False,False,False
104830,00623661,원익머트리얼즈,KOSDAQ,반도체,True,False,False,False,False
105560,00688996,KB금융,KOSPI,기타금융,True,False,False,False,False
105630,00728638,한세실업,KOSPI,섬유·의류,True,True,False,False,False
107600,00862880,새빗켐,KOSDAQ,화학,True,False,False,False,False
108230,00531917,톱텍,KOSDAQ,기계·장비,True,True,False,False,False
108320,00525934,LX세미콘,KOSPI,반도체,True,False,False,False,False
108490,00946030,로보티즈,KOSDAQ,소프트웨어,True,False,False,False,False
108670,00759513,LX하우시스,KOSPI,화학,True,False,False,False,False
111770,00776820,영원무역,KOSPI,유통,True,False,False,False,False
112040,00444329,위메이드,KOSDAQ,디지털컨텐츠,True,True,False,True,True
112610,00670340,씨에스윈드,KOSPI,기계·장비,True,False,False,True,True
114090,00557508,GKL,KOSPI,일반서비스,True,False,False,False,False
114190,00100601,강원에너지,KOSDAQ,금속,True,False,False,False,False
114810,00625942,한솔아이원스,KOSDAQ,IT부품,True,True,False,True,True
115450,00552859,HLB테라퓨틱스,KOSDAQ,소프트웨어,True,False,False,False,False
118990,00876908,모트렉스,KOSDAQ,운송장비·부품,True,False,False,True,True
119610,00604426,인터로조,KOSDAQ,의료·정밀기기,True,True,False,True,True
120110,00795135,코오롱인더,KOSPI,화학,True,False,False,False,False
121600,00439965,나노신소재,KOSDAQ,화학,True,True,False,True,True
121800,00693651,비덴트,KOSDAQ,통신장비,True,False,False,False,False
122640,00530556,예스티,KOSDAQ,반도체,True,False,False,False,False
122870,00613318,와이지엔터테인먼트,KOSDAQ,오락·문화,True,False,False,False,False
122900,00360142,아이마켓코리아,KOSPI,유통,True,True,False,False,False
123860,00761952,아나패스,KOSDAQ,반도체,True,False,False,False,False
123890,00404701,한국자산신탁,KOSPI,기타금융,True,False,False,False,False
126340,00563518,비나텍,KOSDAQ,IT부품,True,False,False,True,True
126560,00403632,현대퓨처넷,KOSPI,일반서비스,True,False,False,False,False
126700,00825959,하이비젼시스템,KOSDAQ,의료·정밀기기,True,True,False,True,True
126720,00193328,수산인더스트리,KOSPI,건설,True,False,False,False,False
128940,00828497,한미약품,KOSPI,제약,True,False,False,False,False
131290,00372226,티에스이,KOSDAQ,반도체,True,False,False,True,True
131970,00563545,두산테스나,KOSDAQ,반도체,True,False,False,False,False
136480,00857727,하림,KOSDAQ,음식료·담배,True,False,False,False,False
137310,00854997,에스디바이오센서,KOSPI,의료·정밀기기,True,False,False,False,False
137400,00612294,피엔티,KOSDAQ,기계·장비,True,False,False,False,False
138040,00860332,메리츠금융지주,KOSPI,기타금융,True,True,False,False,False
138490,00241005,코오롱ENP,KOSPI,화학,True,False,False,False,False
138930,00858364,BNK금융지주,KOSPI,기타금융,True,False,False,False,False
139130,00878915,DGB금융지주,KOSPI,기타금융,True,False,False,False,False
139480,00872984,이마트,KOSPI,유통,True,False,False,True,True
140410,00808022,메지온,KOSDAQ,일반서비스,True,False,False,False,False
140860,00244747,파크시스템스,KOSDAQ,의료·정밀기기,True,False,False,False,False
141080,00842619,리가켐바이오,KOSDAQ,일반서비스,True,False,False,False,False
144510,01010642,지씨셀,KOSDAQ,일반서비스,True,True,False,True,True
145020,00888347,휴젤,KOSDAQ,제약,True,True,False,True,True
145720,00526599,덴티움,KOSPI,의료·정밀기기,True,False,False,False,False
145990,00896285,삼양사,KOSPI,음식료·담배,True,False,False,False,False
151860,00366137,KG에코솔루션,KOSDAQ,일반서비스,True,False,False,False,False
161000,00936787,애경케미칼,KOSPI,화학,True,True,False,True,True
161390,00937324,한국타이어앤테크놀로지,KOSPI,화학,True,False,False,False,False
161890,00939331,한국콜마,KOSPI,화학,True,False,False,True,True
166090,00660750,하나머티리얼즈,KOSDAQ,반도체,True,False,False,False,False
170900,00956930,동아에스티,KOSPI,제약,True,False,False,False,False
175330,00980122,JB금융지주,KOSPI,기타금융,True,True,False,True,True
178320,00838005,서진시스템,KOSDAQ,통신장비,True,False,False,True,True
178920,00767460,PI첨단소재,KOSPI,화학,True,False,False,False,False
179900,00961774,유티아이,KOSDAQ,IT부품,True,False,False,False,False
180640,00983040,한진칼,KOSPI,기타금융,True,False,False,False,False
181710,NaN,NHN,NaN,일반서비스,True,False,False,False,False
182360,00985686,큐브엔터,KOSDAQ,오락·문화,True,False,False,False,False
182400,00977650,엔케이맥스,KOSDAQ,제약,True,False,False,False,False
183190,00990165,아세아시멘트,KOSPI,비금속,True,False,False,False,False
183300,00997812,코미코,KOSDAQ,반도체,True,False,False,False,False
185750,00992871,종근당,KOSPI,제약,True,False,False,False,False
189300,00664181,인텔리안테크,KOSDAQ,전기·전자,True,True,False,True,True
192080,01010110,더블유게임즈,KOSPI,디지털컨텐츠,True,False,False,True,True
192400,00132354,쿠쿠홀딩스,KOSPI,기타금융,True,False,False,False,False
192650,00415646,드림텍,KOSPI,전기·전자,True,False,False,False,False
192820,01009789,코스맥스,KOSPI,화학,True,False,False,False,False
194480,01008762,데브시스터즈,KOSDAQ,디지털컨텐츠,True,False,False,False,False
195870,01032413,해성디에스,KOSPI,전기·전자,True,False,False,False,False
195940,01012066,HK이노엔,KOSDAQ,제약,True,False,False,False,False
196170,00989619,알테오젠,KOSDAQ,일반서비스,True,False,False,False,False
199800,00547510,툴젠,KOSDAQ,일반서비스,True,False,False,False,False
200130,01032404,콜마비앤에이치,KOSDAQ,제약,True,False,False,False,False
200670,00614478,휴메딕스,KOSDAQ,제약,True,True,False,False,False
200710,00657002,에이디테크놀로지,KOSDAQ,반도체,True,False,False,False,False
200880,01036446,서연이화,KOSPI,운송장비·부품,True,False,False,False,False
204270,00447575,제이앤티씨,KOSDAQ,전기·전자,True,False,False,False,False
204320,01042775,HL만도,KOSPI,운송장비·부품,True,True,False,False,False
205470,01042979,휴마시스,KOSDAQ,제약,True,True,False,False,False
206640,01046708,바디텍메드,KOSDAQ,제약,True,True,False,True,True
206650,00927558,유바이오로직스,KOSDAQ,제약,True,False,False,False,False
207940,00877059,삼성바이오로직스,KOSPI,제약,True,False,False,False,False
210980,00508344,SK디앤디,KOSPI,일반서비스,True,True,False,False,False
213420,01061558,덕산네오룩스,KOSDAQ,반도체,True,False,False,False,False
213500,01060744,한솔제지,KOSPI,종이·목재,True,False,False,False,False
214150,01061327,클래시스,KOSDAQ,의료·정밀기기,True,False,False,False,False
214320,00565154,이노션,KOSPI,일반서비스,True,False,False,False,False
214370,00549891,케어젠,KOSDAQ,제약,True,True,False,False,False
214450,00970453,파마리서치,KOSDAQ,유통,True,False,False,False,False
215000,01067516,골프존,KOSDAQ,소프트웨어,True,True,False,False,False
215200,01074862,메가스터디교육,KOSDAQ,일반서비스,True,False,False,False,False
215600,00919966,신라젠,KOSDAQ,일반서비스,True,False,False,False,False
216080,01222867,제테마,KOSDAQ,제약,True,False,False,False,False
217270,01067808,넵튠,KOSDAQ,출판·매체복제,True,True,False,False,False
217330,01046391,싸이토젠,KOSDAQ,일반서비스,True,False,False,False,False
217820,01020843,원익피앤이,KOSDAQ,기계·장비,True,True,False,True,True
218410,01078178,RFHIC,KOSDAQ,전기·전자,True,False,False,False,False
220100,01053540,퓨쳐켐,KOSDAQ,제약,True,False,False,False,False
222080,01090471,씨아이에스,KOSDAQ,기계·장비,True,False,False,False,False
222800,01095722,심텍,KOSDAQ,반도체,True,False,False,False,False
225570,01096341,넥슨게임즈,KOSDAQ,디지털컨텐츠,True,True,False,True,True
226320,00911955,잇츠한불,KOSPI,화학,True,False,False,False,False
226950,01113718,올릭스,KOSDAQ,일반서비스,True,False,False,False,False
228670,00828761,레이,KOSDAQ,의료·정밀기기,True,False,False,False,False
228760,01108248,지노믹트리,KOSDAQ,제약,True,False,False,True,True
229640,01093007,LS에코에너지,KOSPI,기타금융,True,True,False,False,False
230360,01029394,에코마케팅,KOSDAQ,일반서비스,True,False,False,False,False
232140,01109539,와이씨,KOSDAQ,반도체,True,False,False,True,True
234340,00763701,헥토파이낸셜,KOSDAQ,소프트웨어,True,True,False,True,True
235980,01336373,메드팩토,KOSDAQ,일반서비스,True,False,False,False,False
237690,00871833,에스티팜,KOSDAQ,제약,True,False,False,False,False
237880,00957735,클리오,KOSDAQ,화학,True,False,False,True,True
240810,01135941,원익IPS,KOSDAQ,반도체,True,True,False,False,False
241560,01032486,두산밥캣,KOSPI,기타금융,True,False,False,False,False
241590,01128613,화승엔터프라이즈,KOSPI,기타금융,True,False,False,False,False
241710,00763473,코스메카코리아,KOSDAQ,화학,True,False,False,False,False
243070,01159853,휴온스,KOSDAQ,제약,True,False,False,False,False
243840,00807379,신흥에스이씨,KOSDAQ,IT부품,True,False,False,False,False
247540,01160363,에코프로비엠,KOSDAQ,전기·전자,True,True,False,True,True
248070,01159233,솔루엠,KOSPI,전기·전자,True,False,False,False,False
249420,01168383,일동제약,KOSPI,제약,True,False,False,False,False
251270,00904672,넷마블,KOSPI,일반서비스,True,False,False,False,False
251970,00761059,펌텍코리아,KOSDAQ,화학,True,True,False,False,False
252990,01199727,샘씨엔에스,KOSDAQ,반도체,True,False,False,True,True
253450,01168684,스튜디오드래곤,KOSDAQ,오락·문화,True,False,False,False,False
256840,01179617,한국비엔씨,KOSDAQ,제약,True,False,False,True,True
259960,00760971,크래프톤,KOSPI,일반서비스,True,True,False,True,True
263720,01186404,디앤씨미디어,KOSDAQ,디지털컨텐츠,True,False,False,False,False
263750,01152470,펄어비스,KOSDAQ,디지털컨텐츠,True,True,False,False,False
265520,01203808,AP시스템,KOSDAQ,반도체,True,False,False,True,True
267250,01205709,HD현대,KOSPI,기타금융,True,False,False,False,False
267260,01205851,HD현대일렉트릭,KOSPI,전기·전자,True,False,False,False,False
267270,01205842,HD현대건설기계,KOSPI,기계·장비,True,False,False,False,False
267980,01234507,매일유업,KOSDAQ,음식료·담배,True,True,False,True,True
268280,01234297,미원에스씨,KOSPI,화학,True,True,False,False,False
268600,01182444,셀리버리,KOSDAQ,일반서비스,True,False,False,False,False
271560,01238169,오리온,KOSPI,음식료·담배,True,False,False,False,False
271940,00972503,일진하이솔루스,KOSPI,운송장비·부품,True,False,False,False,False
271980,01236897,제일약품,KOSPI,제약,True,False,False,False,False
272210,00339391,한화시스템,KOSPI,의료·정밀기기,True,False,False,False,False
272290,01237540,이녹스첨단소재,KOSDAQ,IT부품,True,False,False,False,False
272450,00653024,진에어,KOSPI,운송·창고,True,False,False,False,False
272550,01060814,삼양패키징,KOSPI,화학,True,False,False,False,False
277810,01261644,레인보우로보틱스,KOSDAQ,기계·장비,True,False,False,False,False
278280,00897752,천보,KOSDAQ,화학,True,False,False,False,False
278650,01189438,HLB바이오스텝,KOSDAQ,일반서비스,True,False,False,False,False
280360,01258507,롯데웰푸드,KOSPI,음식료·담배,True,False,False,False,False
281740,01255652,레이크머티리얼즈,KOSDAQ,화학,True,False,False,False,False
281820,01261893,케이씨텍,KOSPI,의료·정밀기기,True,False,False,False,False
282330,01263022,BGF리테일,KOSPI,유통,True,False,False,False,False
282880,01211232,코윈테크,KOSDAQ,기계·장비,True,True,False,False,False
284740,01267684,쿠쿠홈시스,KOSPI,일반서비스,True,False,False,False,False
285130,01267170,SK케미칼,KOSPI,화학,True,False,False,False,False
285490,01259232,노바텍,KOSDAQ,기타제조,True,False,False,False,False
286940,01262032,롯데이노베이트,KOSPI,일반서비스,True,False,False,False,False
289220,01264438,자이언트스텝,KOSDAQ,오락·문화,True,False,False,False,False
290650,01181515,엘앤씨바이오,KOSDAQ,제약,True,True,False,False,False
290670,01259418,대보마그네틱,KOSDAQ,기계·장비,True,False,False,False,False
293480,00248974,하나제약,KOSPI,제약,True,False,False,False,False
293490,01137383,카카오게임즈,KOSDAQ,디지털컨텐츠,True,False,False,False,False
294870,01310269,HDC현대산업개발,KOSPI,건설,True,False,False,False,False
297090,00765462,씨에스베어링,KOSDAQ,기계·장비,True,False,False,False,False
297890,00523936,HB솔루션,KOSDAQ,기계·장비,True,False,False,False,False
298000,01316236,효성화학,KOSPI,화학,True,False,False,False,False
298020,01316227,효성티앤씨,KOSPI,화학,True,False,False,False,False
298040,01316245,효성중공업,KOSPI,전기·전자,True,False,False,False,False
298050,01316254,HS효성첨단소재,KOSPI,화학,True,False,False,False,False
298380,01256864,에이비엘바이오,KOSDAQ,제약,True,False,False,False,False
298540,01214743,더네이쳐홀딩스,KOSDAQ,유통,True,False,False,False,False
298690,00651901,에어부산,KOSPI,운송·창고,True,False,False,False,False
299030,00601191,하나기술,KOSDAQ,기계·장비,True,True,False,False,False
299900,01276327,위지윅스튜디오,KOSDAQ,오락·문화,True,True,False,False,False
300720,01319808,한일시멘트,KOSPI,비금속,True,False,False,False,False
302440,01319899,SK바이오사이언스,KOSPI,제약,True,False,False,False,False
306200,01325979,세아제강,KOSPI,금속,True,False,False,False,False
307750,01329957,국전약품,KOSDAQ,제약,True,False,False,False,False
307950,00362441,현대오토에버,KOSPI,일반서비스,True,False,False,False,False
310210,01327746,보로노이,KOSDAQ,제약,True,False,False,False,False
316140,01350869,우리금융지주,KOSPI,기타금융,True,False,False,False,False
317330,01021666,덕산테코피아,KOSDAQ,반도체,True,False,False,True,True
319400,01358463,현대무벡스,KOSDAQ,기계·장비,True,False,False,False,False
319660,01365825,피에스케이,KOSDAQ,반도체,True,False,False,False,False
321550,01335930,티움바이오,KOSDAQ,일반서비스,True,False,False,False,False
322000,01199550,HD현대에너지솔루션,KOSPI,전기·전자,True,False,False,False,False
322310,01016479,오로스테크놀로지,KOSDAQ,기계·장비,True,True,False,False,False
323410,01133217,카카오뱅크,KOSPI,은행,True,False,False,False,False
323990,01335851,박셀바이오,KOSDAQ,일반서비스,True,False,False,False,False
326030,NaN,SK바이오팜,NaN,일반서비스,True,False,False,False,False
328130,01397620,루닛,KOSDAQ,소프트웨어,True,False,False,False,False
329180,01390344,HD현대중공업,KOSPI,운송장비·부품,True,False,False,False,False
330860,01368354,네패스아크,KOSDAQ,반도체,True,False,False,False,False
334970,01258428,프레스티지바이오로직스,KOSDAQ,제약,True,False,True,False,True
336260,01412725,두산퓨얼셀,KOSPI,전기·전자,True,False,False,False,False
336370,01412822,솔루스첨단소재,KOSPI,전기·전자,True,False,False,False,False
336570,01407909,원텍,KOSDAQ,의료·정밀기기,True,False,False,False,False
340570,00608440,티앤엘,KOSDAQ,제약,True,False,False,False,False
344820,NaN,KCC글라스,NaN,비금속,True,False,False,False,False
348210,01080252,넥스틴,KOSDAQ,반도체,True,False,False,False,False
348370,01011526,엔켐,KOSDAQ,화학,True,False,False,False,False
352480,01226410,씨앤씨인터내셔널,KOSDAQ,화학,True,False,False,False,False
352820,01204056,하이브,KOSPI,일반서비스,True,False,False,True,True
353200,01478712,대덕전자,KOSPI,전기·전자,True,False,False,False,False
356860,00920379,티엘비,KOSDAQ,전기·전자,True,False,False,False,False
357780,01489648,솔브레인,KOSDAQ,화학,True,False,False,False,False
360070,01360875,탑머티리얼,KOSDAQ,전기·전자,True,False,False,False,False
361610,01386916,SK아이이테크놀로지,KOSPI,전기·전자,True,True,False,True,True
365340,01274329,성일하이텍,KOSDAQ,화학,True,False,False,False,False
372170,00925374,윤성에프앤씨,KOSDAQ,금속,True,False,False,False,False
373220,01515323,LG에너지솔루션,KOSPI,전기·전자,True,False,False,False,False
375500,01524093,DL이앤씨,KOSPI,건설,True,False,False,False,False
376300,01456011,디어유,KOSDAQ,소프트웨어,True,False,False,False,False
377300,01244601,카카오페이,KOSPI,기타금융,True,False,False,False,False
377740,00622787,바이오노트,KOSPI,제약,True,False,False,False,False
381970,01323032,케이카,KOSPI,유통,True,False,False,False,False
382840,01459212,원준,KOSDAQ,기계·장비,True,False,False,False,False
383220,01568413,F&F,KOSPI,섬유·의류,True,False,False,False,False
383310,01566248,에코프로에이치엔,KOSDAQ,화학,True,True,False,True,True
383800,01562589,LX홀딩스,KOSPI,기타금융,True,False,False,False,False
389260,01150515,대명에너지,KOSDAQ,건설,True,False,False,False,False
393890,01291317,더블유씨피,KOSDAQ,전기·전자,True,False,False,False,False
402340,01596425,SK스퀘어,KOSPI,기타금융,True,True,False,True,True
403550,01026157,쏘카,KOSPI,일반서비스,True,False,False,False,False
403870,01288827,HPSP,KOSDAQ,반도체,True,True,False,False,False
900140,NaN,엘브이엠씨홀딩스,NaN,유통,True,False,False,True,True
950130,00956028,엑세스바이오,KOSDAQ,제약,True,False,False,False,False
950160,01245062,코오롱티슈진,KOSDAQ,제약,True,False,False,False,False
950210,01510489,프레스티지바이오파마,KOSPI,일반서비스,True,False,True,False,True
